text,id,primary_topic,secondary_topic,doc_id,processed_text,topic,Topic_Label
algorithms data in terms of algorithms prediction detection fraud concerning learning analysis financial,doc_1,Financial Technology,Data Science,doc_0,algorithms datum term algorithm prediction detection fraud concern learn analysis financial,Topic_13,"Financial & Fraud & Detection (financial, datum)"
financial models also algorithmic algorithmic risk prediction concerning market risk market financial related to market,doc_2,Financial Technology,None,doc_1,financial model algorithmic algorithmic risk prediction concern market risk market financial relate market,Topic_10,"Financial & Analysis & Prediction (market, financial)"
market models related to trading prediction analysis algorithmic specifically financial financial financial trading,doc_3,Financial Technology,None,doc_2,market model relate trading prediction analysis algorithmic specifically financial financial financial trading,Topic_10,"Financial & Analysis & Prediction (market, financial)"
prevention analytics concerning prediction healthcare prediction prediction regarding analytics care hospital,doc_4,Healthcare Analytics,None,doc_3,prevention analytic concern prediction healthcare prediction prediction analytic care hospital,Topic_8,"Healthcare & Prediction & Hospital (analytic, healthcare)"
visualization analysis and statistics statistics,doc_5,Data Science,None,doc_4,visualization analysis statistic statistic,Noise,"Data Science & Datum & Algorithm (analysis, prediction)"
pandas matplotlib in terms of python projects science python for science science,doc_6,Data Science,None,doc_5,panda matplotlib term python project science python science science,Topic_14,"Data Science & Visualization & Datum (matplotlib, science)"
optimization forecasting regarding optimization transformers tokens language related to text language natural natural regarding optimization processing generation tokens regarding forecasting tokens,doc_7,AI Technology,Sustainable Energy,doc_6,optimization forecasting optimization transformer token language relate text language natural natural optimization processing generation token forecast token,Topic_0,"Language & Generation (token, natural)"
trading market concerning analysis trading market risk concerning,doc_8,Financial Technology,None,doc_7,trading market concern analysis trading market risk concern,Noise,"Data Science & Datum & Algorithm (analysis, prediction)"
energy efficiency for energy generation hydroelectric power related to wind efficiency hydroelectric,doc_9,Sustainable Energy,None,doc_8,energy efficiency energy generation hydroelectric power relate wind efficiency hydroelectric,Topic_3,"Energy & Efficiency & Hydroelectric (generation, energy)"
hospital prediction with prevention prediction,doc_10,Healthcare Analytics,None,doc_9,hospital prediction prevention prediction,Topic_8,"Healthcare & Prediction & Hospital (analytic, healthcare)"
computation data specifically computation hadoop hadoop hadoop,doc_11,Data Science,None,doc_10,computation datum specifically computation hadoop hadoop hadoop,Topic_2,"Datum & Computation (big, spark)"
agents policy for optimization environments reinforcement policy for,doc_12,AI Technology,None,doc_11,agent policy optimization environment reinforcement policy,Topic_7,"Optimization & Policy (reinforcement, reward)"
optimization grid in terms of analysis optimization consumption smart about models forecasting consumption,doc_13,Sustainable Energy,None,doc_12,optimization grid term analysis optimization consumption smart model forecast consumption,Topic_6,"Energy & Optimization & Grid (consumption, analysis)"
evidence clinical about clinical support,doc_14,Healthcare Analytics,None,doc_13,evidence clinical clinical support,Noise,"Data Science & Datum & Algorithm (analysis, prediction)"
matplotlib science for pandas projects visualization science with numpy science matplotlib data including,doc_15,Data Science,None,doc_14,matplotlib science panda project visualization science numpy science matplotlib datum include,Topic_14,"Data Science & Visualization & Datum (matplotlib, science)"
streaming processing and data streaming data streaming and pipelines data processing spark,doc_16,Data Science,None,doc_15,stream processing datum stream datum streaming pipeline datum processing spark,Topic_2,"Datum & Computation (big, spark)"
analysis forecasting for forecasting consumption analysis consumption regarding analysis analysis grid optimization for optimization grid grid,doc_17,Sustainable Energy,None,doc_16,analysis forecasting forecast consumption analysis consumption analysis analysis grid optimization optimization grid grid,Topic_6,"Energy & Optimization & Grid (consumption, analysis)"
models capacity also batteries efficiency capacity models about innovation energy storage efficiency regarding innovation technology efficiency,doc_18,Sustainable Energy,AI Technology,doc_17,model capacity batterie efficiency capacity model innovation energy storage efficiency innovation technology efficiency,Topic_1,"Energy & Technology & Energy (battery, efficiency)"
data emissions related to analysis impact carbon carbon with climate climate analysis climate also impact data,doc_19,Sustainable Energy,None,doc_18,data emission relate analysis impact carbon carbon climate climate analysis climate impact datum,Topic_11,"Energy & Impact & Carbon (datum, emission)"
readmission hospital and hospital healthcare prediction analytics for,doc_20,Healthcare Analytics,None,doc_19,readmission hospital hospital healthcare prediction analytic,Topic_8,"Healthcare & Prediction & Hospital (analytic, healthcare)"
projects numpy specifically projects matplotlib projects python related to,doc_21,Data Science,None,doc_20,project numpy specifically project matplotlib project python relate,Noise,"Data Science & Datum & Algorithm (analysis, prediction)"
models deep including neural learning forecasting networks including artificial training intelligence learning also deep networks learning networks and,doc_22,AI Technology,Sustainable Energy,doc_21,model deep include neural learning forecasting network include artificial training intelligence learning deep network learn network,Noise,"Data Science & Datum & Algorithm (analysis, prediction)"
financial algorithmic concerning prediction financial,doc_23,Financial Technology,None,doc_22,financial algorithmic concern prediction financial,Topic_10,"Financial & Analysis & Prediction (market, financial)"
energy capacity with technology batteries energy storage related to,doc_24,Sustainable Energy,None,doc_23,energy capacity technology battery energy storage relate,Topic_1,"Energy & Technology & Energy (battery, efficiency)"
prevention hospital related to analytics prediction healthcare healthcare with hospital prediction prevention,doc_25,Healthcare Analytics,None,doc_24,prevention hospital relate analytic prediction healthcare healthcare hospital prediction prevention,Topic_8,"Healthcare & Prediction & Hospital (analytic, healthcare)"
transactions models and transactions ledger algorithms transactions about distributed contracts models transactions related to distributed models transactions smart,doc_26,Financial Technology,Data Science,doc_25,transaction model transaction ledger algorithm transaction distribute contract model transaction relate distribute model transaction smart,Topic_4,"Transaction & Distribute (smart, blockchain)"
matplotlib projects regarding visualization visualization visualization matplotlib related to matplotlib matplotlib pandas data including python science science,doc_27,Data Science,None,doc_26,matplotlib project visualization visualization visualization matplotlib relate matplotlib matplotlib panda datum include python science science,Topic_14,"Data Science & Visualization & Datum (matplotlib, science)"
data networks concerning intelligence deep training artificial,doc_28,AI Technology,None,doc_27,data network concern intelligence deep training artificial,Noise,"Data Science & Datum & Algorithm (analysis, prediction)"
analysis algorithmic including financial prediction financial analysis specifically prediction algorithmic risk trading and trading financial models market,doc_29,Financial Technology,None,doc_28,analysis algorithmic include financial prediction financial analysis specifically prediction algorithmic risk trading trade financial model market,Topic_10,"Financial & Analysis & Prediction (market, financial)"
text generation specifically deep learning generation generation generation specifically deep learning bert diagnosis deep learning in terms of diagnosis natural generation gpt related to processing,doc_30,AI Technology,Healthcare Analytics,doc_29,text generation specifically deep learn generation generation generation specifically deep learn bert diagnosis deep learning term diagnosis natural generation gpt relate processing,Topic_0,"Language & Generation (token, natural)"
prediction gpt also transformers natural tokens processing in terms of generation tokens gpt,doc_31,AI Technology,Sustainable Energy,doc_30,prediction gpt transformer natural token processing term generation token gpt,Topic_0,"Language & Generation (token, natural)"
grid consumption specifically analysis smart grid analysis about smart optimization,doc_32,Sustainable Energy,None,doc_31,grid consumption specifically analysis smart grid analysis smart optimization,Topic_6,"Energy & Optimization & Grid (consumption, analysis)"
models models in terms of climate models data monitoring with reduction carbon carbon climate related to optimization climate reduction,doc_33,Sustainable Energy,AI Technology,doc_32,model model term climate model data monitoring reduction carbon carbon climate relate optimization climate reduction,Noise,"Data Science & Datum & Algorithm (analysis, prediction)"
prediction trading regarding trading analysis market market including trading market algorithmic risk,doc_34,Financial Technology,None,doc_33,prediction trading trade analysis market market include trading market algorithmic risk,Topic_10,"Financial & Analysis & Prediction (market, financial)"
digital banking including fintech fintech payments banking regarding technology digital technology payments including blockchain technology,doc_35,Financial Technology,None,doc_34,digital banking include fintech fintech payment banking technology digital technology payment include blockchain technology,Topic_5,"Financial & Fintech & Technology (digital, banking)"
monitoring analysis also climate analysis emissions climate with climate emissions climate impact for,doc_36,Sustainable Energy,None,doc_35,monitor analysis climate analysis emission climate climate emission climate impact,Topic_11,"Energy & Impact & Carbon (datum, emission)"
pathology imaging related to diagnosis imaging learning medical and deep,doc_37,Healthcare Analytics,None,doc_36,pathology imaging relate diagnosis imaging learning medical deep,Topic_9,"AI & Medical & Detection (imaging, deep)"
support patient with decision decision evidence evidence,doc_38,Healthcare Analytics,None,doc_37,support patient decision decision evidence evidence,Noise,"Data Science & Datum & Algorithm (analysis, prediction)"
prediction medical imaging specifically detection analysis diagnosis imaging for analysis,doc_39,Healthcare Analytics,AI Technology,doc_38,prediction medical imaging specifically detection analysis diagnosis imaging analysis,Topic_9,"AI & Medical & Detection (imaging, deep)"
analysis analysis specifically analysis algorithmic analysis analysis in terms of risk data analysis models financial for risk trading risk prediction regarding models data analysis,doc_40,Financial Technology,Data Science,doc_39,analysis analysis specifically analysis algorithmic analysis analysis term risk datum analysis model financial risk trading risk prediction model data analysis,Topic_10,"Financial & Analysis & Prediction (market, financial)"
imaging pathology specifically imaging deep analysis imaging and analysis deep,doc_41,Healthcare Analytics,None,doc_40,image pathology specifically image deep analysis imaging analysis deep,Topic_9,"AI & Medical & Detection (imaging, deep)"
text transformers also processing transformers processing tokens regarding language,doc_42,AI Technology,None,doc_41,text transformer process transformer process token language,Topic_0,"Language & Generation (token, natural)"
learning diagnosis specifically detection detection detection detection specifically detection prediction deep learning diagnosis with deep medical medical imaging also imaging,doc_43,Healthcare Analytics,AI Technology,doc_42,learn diagnosis specifically detection detection detection detection specifically detection prediction deep learning diagnosis deep medical medical imaging image,Topic_9,"AI & Medical & Detection (imaging, deep)"
decision decision concerning clinical algorithms decision,doc_44,Healthcare Analytics,None,doc_43,decision decision concern clinical algorithm decision,Noise,"Data Science & Datum & Algorithm (analysis, prediction)"
forecasting analysis for prediction grid models forecasting specifically optimization grid analysis consumption concerning data consumption optimization,doc_45,Sustainable Energy,AI Technology,doc_44,forecast analysis prediction grid model forecast specifically optimization grid analysis consumption concern data consumption optimization,Topic_6,"Energy & Optimization & Grid (consumption, analysis)"
models prediction specifically power power wind models including prediction renewable solar efficiency for generation wind forecasting renewable specifically forecasting,doc_46,Sustainable Energy,AI Technology,doc_45,model prediction specifically power power wind model include prediction renewable solar efficiency generation wind forecasting renewable specifically forecast,Noise,"Data Science & Datum & Algorithm (analysis, prediction)"
data regression with visualization analysis visualization insights in terms of insights correlation data visualization,doc_47,Data Science,None,doc_46,datum regression visualization analysis visualization insight term insight correlation datum visualization,Topic_14,"Data Science & Visualization & Datum (matplotlib, science)"
visualization data and science matplotlib projects projects including visualization,doc_48,Data Science,None,doc_47,visualization datum science matplotlib project project include visualization,Topic_14,"Data Science & Visualization & Datum (matplotlib, science)"
machine learning concerning accuracy classification learning algorithms concerning accuracy,doc_49,Data Science,None,doc_48,machine learning concern accuracy classification learning algorithm concern accuracy,Noise,"Data Science & Datum & Algorithm (analysis, prediction)"
patient data modeling concerning classification modeling algorithms patient data regarding learning algorithms classification patient data and prediction,doc_50,Data Science,Healthcare Analytics,doc_49,patient datum model concern classification modeling algorithm patient datum learn algorithm classification patient datum prediction,Topic_15,"AI & Datum & Artificial (neural, intelligence)"
renewable solar and renewable energy hydroelectric energy specifically efficiency power solar efficiency specifically hydroelectric power hydroelectric efficiency,doc_51,Sustainable Energy,None,doc_50,renewable solar renewable energy hydroelectric energy specifically efficiency power solar efficiency specifically hydroelectric power hydroelectric efficiency,Topic_3,"Energy & Efficiency & Hydroelectric (generation, energy)"
optimization data specifically smart optimization data forecasting and consumption,doc_52,Sustainable Energy,None,doc_51,optimization datum specifically smart optimization datum forecasting consumption,Topic_6,"Energy & Optimization & Grid (consumption, analysis)"
pandas numpy and data visualization data python about matplotlib science python numpy and,doc_53,Data Science,None,doc_52,panda numpy datum visualization datum python matplotlib science python numpy,Topic_14,"Data Science & Visualization & Datum (matplotlib, science)"
deep networks about data data artificial data in terms of training deep algorithms networks specifically data networks,doc_54,AI Technology,None,doc_53,deep network data datum artificial datum term train deep algorithms network specifically datum network,Topic_15,"AI & Datum & Artificial (neural, intelligence)"
data detection about machine analysis detection patterns also patterns learning financial fraud,doc_55,Financial Technology,None,doc_54,datum detection machine analysis detection pattern pattern learn financial fraud,Topic_13,"Financial & Fraud & Detection (financial, datum)"
policy reinforcement for policy reinforcement agents policy about,doc_56,AI Technology,None,doc_55,policy reinforcement policy reinforcement agent policy,Topic_7,"Optimization & Policy (reinforcement, reward)"
optimization data regarding smart consumption consumption models,doc_57,Sustainable Energy,None,doc_56,optimization datum smart consumption consumption model,Topic_6,"Energy & Optimization & Grid (consumption, analysis)"
financial data including learning detection financial fraud also financial learning,doc_58,Financial Technology,None,doc_57,financial datum include learn detection financial fraud financial learning,Topic_13,"Financial & Fraud & Detection (financial, datum)"
technology energy and batteries storage technology storage regarding energy efficiency storage,doc_59,Sustainable Energy,None,doc_58,technology energy battery storage technology storage energy efficiency storage,Topic_1,"Energy & Technology & Energy (battery, efficiency)"
diagnosis analysis with learning medical medical imaging detection specifically prediction,doc_60,Healthcare Analytics,AI Technology,doc_59,diagnosis analysis learn medical medical imaging detection specifically prediction,Topic_9,"AI & Medical & Detection (imaging, deep)"
models models including optimization smart consumption optimization related to,doc_61,Sustainable Energy,None,doc_60,model model include optimization smart consumption optimization relate,Topic_6,"Energy & Optimization & Grid (consumption, analysis)"
ledger contracts including smart algorithms algorithms algorithms for prediction cryptocurrency cryptocurrency data analysis in terms of,doc_62,Financial Technology,Data Science,doc_61,ledger contract include smart algorithm algorithm algorithm prediction cryptocurrency cryptocurrency datum analysis term,Topic_4,"Transaction & Distribute (smart, blockchain)"
algorithms artificial with intelligence learning artificial deep related to data networks data artificial for neural deep training neural,doc_63,AI Technology,None,doc_62,algorithms artificial intelligence learning artificial deep relate data network datum artificial neural deep training neural,Topic_15,"AI & Datum & Artificial (neural, intelligence)"
modeling algorithms about classification machine accuracy learning concerning algorithms modeling classification algorithms with classification,doc_64,Data Science,None,doc_63,modeling algorithm classification machine accuracy learn concern algorithm model classification algorithm classification,Noise,"Data Science & Datum & Algorithm (analysis, prediction)"
trading market related to analysis prediction models financial also algorithmic analysis,doc_65,Financial Technology,None,doc_64,trading market relate analysis prediction model financial algorithmic analysis,Topic_10,"Financial & Analysis & Prediction (market, financial)"
optimization agents specifically environments reinforcement,doc_66,AI Technology,None,doc_65,optimization agent specifically environment reinforcement,Topic_7,"Optimization & Policy (reinforcement, reward)"
intelligence artificial in terms of deep intelligence learning data for artificial networks data training concerning networks artificial algorithms,doc_67,AI Technology,None,doc_66,intelligence artificial term deep intelligence learn datum artificial network datum training concern network artificial algorithm,Topic_15,"AI & Datum & Artificial (neural, intelligence)"
pathology learning with detection diagnosis medical medical including learning detection,doc_68,Healthcare Analytics,None,doc_67,pathology learn detection diagnosis medical medical include learn detection,Topic_9,"AI & Medical & Detection (imaging, deep)"
transactions cryptocurrency and contracts ledger distributed blockchain for cryptocurrency transactions cryptocurrency contracts,doc_69,Financial Technology,None,doc_68,transaction cryptocurrency contract ledger distribute blockchain cryptocurrency transaction cryptocurrency contract,Topic_4,"Transaction & Distribute (smart, blockchain)"
energy efficiency and batteries energy energy capacity regarding energy technology energy technology in terms of capacity energy,doc_70,Sustainable Energy,None,doc_69,energy efficiency battery energy energy capacity energy technology energy technology term capacity energy,Topic_1,"Energy & Technology & Energy (battery, efficiency)"
training data specifically training learning training neural including neural artificial neural training,doc_71,AI Technology,None,doc_70,training datum specifically train learning training neural include neural artificial neural training,Topic_15,"AI & Datum & Artificial (neural, intelligence)"
big data also hadoop hadoop big data concerning hadoop pipelines hadoop computation and computation hadoop spark processing,doc_72,Data Science,None,doc_71,big datum hadoop hadoop big datum concern hadoop pipeline hadoop computation computation hadoop spark processing,Topic_2,"Datum & Computation (big, spark)"
ledger algorithms and ledger distributed cryptocurrency transactions and smart blockchain contracts contracts including algorithms contracts distributed,doc_73,Financial Technology,Data Science,doc_72,ledger algorithm ledger distribute cryptocurrency transaction smart blockchain contract contract include algorithm contract distribute,Topic_4,"Transaction & Distribute (smart, blockchain)"
outcomes effectiveness related to outcomes analysis effectiveness effectiveness,doc_74,Healthcare Analytics,None,doc_73,outcomes effectiveness relate outcome analysis effectiveness effectiveness,Noise,"Data Science & Datum & Algorithm (analysis, prediction)"
algorithms training specifically artificial neural networks intelligence regarding neural data artificial artificial and algorithms neural learning data for,doc_75,AI Technology,None,doc_74,algorithm training specifically artificial neural network intelligence neural datum artificial artificial algorithm neural learn datum,Topic_15,"AI & Datum & Artificial (neural, intelligence)"
algorithms modeling concerning data analysis accuracy modeling data analysis including classification machine modeling modeling for predictive learning algorithms data analysis,doc_76,Data Science,Healthcare Analytics,doc_75,algorithm modeling concern datum analysis accuracy modeling datum analysis include classification machine modeling modeling predictive learning algorithm datum analysis,Noise,"Data Science & Datum & Algorithm (analysis, prediction)"
regression insights about insights regression visualization statistics for visualization insights,doc_77,Data Science,None,doc_76,regression insight insight regression visualization statistic visualization insight,Topic_14,"Data Science & Visualization & Datum (matplotlib, science)"
distributed prediction also contracts cryptocurrency ledger contracts related to blockchain smart transactions contracts regarding blockchain models,doc_78,Financial Technology,Data Science,doc_77,distribute prediction contract cryptocurrency ledger contract relate blockchain smart transaction contract blockchain model,Topic_4,"Transaction & Distribute (smart, blockchain)"
intelligence artificial specifically algorithms data training training with algorithms artificial artificial networks,doc_79,AI Technology,None,doc_78,intelligence artificial specifically algorithm datum training training algorithms artificial artificial network,Topic_15,"AI & Datum & Artificial (neural, intelligence)"
smart distributed about distributed data analysis algorithms cryptocurrency including blockchain models blockchain transactions with data analysis cryptocurrency algorithms,doc_80,Financial Technology,Data Science,doc_79,smart distribute distribute datum analysis algorithm cryptocurrency include blockchain model blockchain transaction datum analysis cryptocurrency algorithm,Topic_4,"Transaction & Distribute (smart, blockchain)"
processing pipelines concerning data processing data big about computation spark data computation regarding processing computation,doc_81,Data Science,None,doc_80,process pipeline concern datum processing datum big computation spark datum computation processing computation,Topic_2,"Datum & Computation (big, spark)"
numpy science including data python matplotlib data with,doc_82,Data Science,None,doc_81,numpy science include datum python matplotlib datum,Topic_14,"Data Science & Visualization & Datum (matplotlib, science)"
regression computer also models prediction regression models,doc_83,AI Technology,None,doc_82,regression computer model prediction regression model,Noise,"Data Science & Datum & Algorithm (analysis, prediction)"
evidence decision specifically evidence support decision clinical for,doc_84,Healthcare Analytics,None,doc_83,evidence decision specifically evidence support decision clinical,Noise,"Data Science & Datum & Algorithm (analysis, prediction)"
analysis statistics in terms of statistics data statistics insights,doc_85,Data Science,None,doc_84,analysis statistic term statistic datum statistic insight,Noise,"Data Science & Datum & Algorithm (analysis, prediction)"
risk risk related to algorithmic risk risk,doc_86,Financial Technology,None,doc_85,risk risk relate algorithmic risk risk,Noise,"Data Science & Datum & Algorithm (analysis, prediction)"
patterns data related to patterns data learning data about,doc_87,Financial Technology,None,doc_86,patterns datum relate pattern datum learn datum,Noise,"Data Science & Datum & Algorithm (analysis, prediction)"
data training related to neural models intelligence neural related to models artificial training networks including networks,doc_88,AI Technology,Sustainable Energy,doc_87,datum training relate neural model intelligence neural relate model artificial training network include network,Topic_15,"AI & Datum & Artificial (neural, intelligence)"
healthcare prediction also prediction care,doc_89,Healthcare Analytics,None,doc_88,healthcare prediction prediction care,Topic_8,"Healthcare & Prediction & Hospital (analytic, healthcare)"
optimization reinforcement and environments rewards learning policy regarding policy rewards optimization learning including policy agents,doc_90,AI Technology,None,doc_89,optimization reinforcement environment reward learn policy policy reward optimization learn include policy agent,Topic_7,"Optimization & Policy (reinforcement, reward)"
models smart also optimization grid,doc_91,Sustainable Energy,None,doc_90,model smart optimization grid,Topic_6,"Energy & Optimization & Grid (consumption, analysis)"
deep imaging regarding medical pathology medical detection including pathology pathology deep,doc_92,Healthcare Analytics,None,doc_91,deep imaging medical pathology medical detection include pathology pathology deep,Topic_9,"AI & Medical & Detection (imaging, deep)"
transformers tokens and gpt processing generation text regarding tokens,doc_93,AI Technology,None,doc_92,transformer token gpt processing generation text token,Topic_0,"Language & Generation (token, natural)"
distributed blockchain related to ledger contracts contracts smart specifically transactions smart smart cryptocurrency regarding blockchain distributed,doc_94,Financial Technology,None,doc_93,distribute blockchain relate ledger contract contract smart specifically transaction smart smart cryptocurrency blockchain distribute,Topic_4,"Transaction & Distribute (smart, blockchain)"
effectiveness treatment for patient outcomes treatment effectiveness,doc_95,Healthcare Analytics,None,doc_94,effectiveness treatment patient outcomes treatment effectiveness,Topic_16,"Healthcare & Patient & Effectiveness (treatment, outcome)"
prediction algorithms about trading prediction algorithms algorithms and trading algorithms algorithmic algorithmic regarding models models market financial in terms of risk,doc_96,Financial Technology,Data Science,doc_95,prediction algorithm trading prediction algorithm algorithm trading algorithm algorithmic algorithmic model model market financial term risk,Topic_10,"Financial & Analysis & Prediction (market, financial)"
matplotlib matplotlib with visualization data pandas numpy concerning matplotlib matplotlib data projects with,doc_97,Data Science,None,doc_96,matplotlib matplotlib visualization datum panda numpy concern matplotlib matplotlib datum project,Topic_14,"Data Science & Visualization & Datum (matplotlib, science)"
batteries capacity including technology efficiency innovation,doc_98,Sustainable Energy,None,doc_97,battery capacity include technology efficiency innovation,Topic_1,"Energy & Technology & Energy (battery, efficiency)"
optimization learning related to rewards rewards learning optimization concerning policy learning learning optimization concerning,doc_99,AI Technology,None,doc_98,optimization learn relate reward reward learn optimization concern policy learning learn optimization concern,Topic_7,"Optimization & Policy (reinforcement, reward)"
transactions transactions in terms of blockchain transactions cryptocurrency distributed in terms of distributed distributed cryptocurrency smart in terms of,doc_100,Financial Technology,None,doc_99,transaction transaction term blockchain transaction cryptocurrency distribute term distribute distribute cryptocurrency smart term,Topic_4,"Transaction & Distribute (smart, blockchain)"
medical deep in terms of imaging learning learning medical also medical,doc_101,Healthcare Analytics,None,doc_100,medical deep term imaging learning learn medical medical,Topic_9,"AI & Medical & Detection (imaging, deep)"
big pipelines in terms of hadoop processing processing data about processing streaming spark,doc_102,Data Science,None,doc_101,big pipeline term hadoop processing processing datum process stream spark,Topic_2,"Datum & Computation (big, spark)"
technology capacity about energy innovation,doc_103,Sustainable Energy,None,doc_102,technology capacity energy innovation,Topic_1,"Energy & Technology & Energy (battery, efficiency)"
processing text with processing language bert tokens with processing tokens text processing including tokens bert,doc_104,AI Technology,None,doc_103,processing text processing language bert tokens processing token text processing include tokens bert,Topic_0,"Language & Generation (token, natural)"
data monitoring for prediction impact analysis climate related to impact models prediction emissions related to,doc_105,Sustainable Energy,AI Technology,doc_104,datum monitoring prediction impact analysis climate relate impact model prediction emission relate,Topic_11,"Energy & Impact & Carbon (datum, emission)"
batteries innovation and technology energy capacity batteries also technology energy efficiency technology specifically,doc_106,Sustainable Energy,None,doc_105,battery innovation technology energy capacity battery technology energy efficiency technology specifically,Topic_1,"Energy & Technology & Energy (battery, efficiency)"
training neural specifically learning algorithms deep deep with neural artificial neural algorithms specifically networks,doc_107,AI Technology,None,doc_106,training neural specifically learn algorithm deep deep neural artificial neural algorithm specifically network,Noise,"Data Science & Datum & Algorithm (analysis, prediction)"
prediction renewable about renewable renewable optimization forecasting and renewable renewable prediction solar regarding,doc_108,Sustainable Energy,AI Technology,doc_107,prediction renewable renewable renewable optimization forecasting renewable renewable prediction solar,Noise,"Data Science & Datum & Algorithm (analysis, prediction)"
efficiency solar and prediction efficiency wind solar specifically solar renewable prediction energy about energy wind energy generation related to,doc_109,Sustainable Energy,AI Technology,doc_108,efficiency solar prediction efficiency wind solar specifically solar renewable prediction energy energy wind energy generation relate,Topic_3,"Energy & Efficiency & Hydroelectric (generation, energy)"
prediction regression in terms of vision machine vision prediction and machine regression learning regression and,doc_110,AI Technology,None,doc_109,prediction regression term vision machine vision prediction machine regression learn regression,Topic_12,"AI & Classification & Prediction (regression, machine)"
power efficiency and efficiency energy efficiency,doc_111,Sustainable Energy,None,doc_110,power efficiency efficiency energy efficiency,Topic_3,"Energy & Efficiency & Hydroelectric (generation, energy)"
data data concerning intelligence intelligence neural intelligence for learning training learning intelligence with artificial intelligence algorithms networks including,doc_112,AI Technology,None,doc_111,data datum concern intelligence intelligence neural intelligence learn training learn intelligence artificial intelligence algorithm network include,Topic_15,"AI & Datum & Artificial (neural, intelligence)"
accuracy predictive about classification learning classification,doc_113,Data Science,None,doc_112,accuracy predictive classification learn classification,Noise,"Data Science & Datum & Algorithm (analysis, prediction)"
generation generation with natural generation processing gpt about processing gpt natural natural related to transformers bert transformers language,doc_114,AI Technology,None,doc_113,generation generation natural generation processing gpt process gpt natural natural relate transformer bert transformer language,Topic_0,"Language & Generation (token, natural)"
classification machine concerning predictive prediction classification accuracy with classification data analysis patient data,doc_115,Data Science,Healthcare Analytics,doc_114,classification machine concern predictive prediction classification accuracy classification datum analysis patient datum,Noise,"Data Science & Datum & Algorithm (analysis, prediction)"
classification classification specifically insights statistics analysis visualization in terms of regression prediction statistics,doc_116,Data Science,AI Technology,doc_115,classification classification specifically insight statistic analysis visualization term regression prediction statistic,Noise,"Data Science & Datum & Algorithm (analysis, prediction)"
blockchain blockchain for ledger contracts transactions contracts including distributed,doc_117,Financial Technology,None,doc_116,blockchain blockchain ledger contract transaction contract include distribute,Topic_4,"Transaction & Distribute (smart, blockchain)"
data carbon in terms of data emissions emissions data including analysis reduction carbon data for data carbon impact,doc_118,Sustainable Energy,None,doc_117,data carbon term data emission emission datum include analysis reduction carbon datum datum carbon impact,Topic_11,"Energy & Impact & Carbon (datum, emission)"
data clinical concerning systems evidence evidence decision,doc_119,Healthcare Analytics,None,doc_118,datum clinical concern system evidence evidence decision,Noise,"Data Science & Datum & Algorithm (analysis, prediction)"
monitoring climate including data data reduction emissions about data,doc_120,Sustainable Energy,None,doc_119,monitor climate include data datum reduction emission datum,Topic_11,"Energy & Impact & Carbon (datum, emission)"
efficiency storage about efficiency batteries energy innovation concerning capacity batteries,doc_121,Sustainable Energy,None,doc_120,efficiency storage efficiency battery energy innovation concern capacity battery,Topic_1,"Energy & Technology & Energy (battery, efficiency)"
detection fraud concerning fraud analysis machine detection for data detection learning detection,doc_122,Financial Technology,None,doc_121,detection fraud concern fraud analysis machine detection datum detection learn detection,Topic_13,"Financial & Fraud & Detection (financial, datum)"
algorithms prediction including algorithmic algorithmic financial analysis with market algorithms algorithms data analysis related to risk risk algorithmic,doc_123,Financial Technology,Data Science,doc_122,algorithms prediction include algorithmic algorithmic financial analysis market algorithm algorithm datum analysis relate risk risk algorithmic,Topic_10,"Financial & Analysis & Prediction (market, financial)"
trading prediction for models risk financial trading specifically market algorithmic financial models in terms of,doc_124,Financial Technology,None,doc_123,trading prediction model risk financial trading specifically market algorithmic financial model term,Topic_10,"Financial & Analysis & Prediction (market, financial)"
consumption grid with forecasting forecasting forecasting grid with grid analysis smart,doc_125,Sustainable Energy,None,doc_124,consumption grid forecasting forecasting forecasting grid grid analysis smart,Topic_6,"Energy & Optimization & Grid (consumption, analysis)"
prediction algorithms related to models prediction models prediction regarding prediction prediction analysis prediction related to,doc_126,Financial Technology,Data Science,doc_125,prediction algorithm relate model prediction model prediction prediction prediction analysis prediction relate,Noise,"Data Science & Datum & Algorithm (analysis, prediction)"
innovation data analysis concerning banking payments banking data analysis also technology technology fintech,doc_127,Financial Technology,Data Science,doc_126,innovation datum analysis concern banking payment banking datum analysis technology technology fintech,Noise,"Data Science & Datum & Algorithm (analysis, prediction)"
processing data in terms of data big big,doc_128,Data Science,None,doc_127,process datum term datum big big,Noise,"Data Science & Datum & Algorithm (analysis, prediction)"
data artificial in terms of deep intelligence neural,doc_129,AI Technology,None,doc_128,datum artificial term deep intelligence neural,Topic_15,"AI & Datum & Artificial (neural, intelligence)"
data statistics related to data analysis correlation regression about analysis statistics analysis regression for regression visualization,doc_130,Data Science,None,doc_129,data statistic relate datum analysis correlation regression analysis statistic analysis regression regression visualization,Topic_14,"Data Science & Visualization & Datum (matplotlib, science)"
carbon monitoring specifically analysis reduction reduction data for,doc_131,Sustainable Energy,None,doc_130,carbon monitor specifically analysis reduction reduction datum,Noise,"Data Science & Datum & Algorithm (analysis, prediction)"
patterns analysis regarding analysis analysis detection detection specifically patterns learning learning,doc_132,Financial Technology,None,doc_131,pattern analysis analysis analysis detection detection specifically pattern learn learn,Noise,"Data Science & Datum & Algorithm (analysis, prediction)"
clinical evidence and prediction support clinical decision about evidence algorithms clinical evidence also patient data algorithms data specifically,doc_133,Healthcare Analytics,Data Science,doc_132,clinical evidence prediction support clinical decision evidence algorithm clinical evidence patient data algorithm datum specifically,Noise,"Data Science & Datum & Algorithm (analysis, prediction)"
evidence systems related to decision evidence clinical systems,doc_134,Healthcare Analytics,None,doc_133,evidence system relate decision evidence clinical system,Noise,"Data Science & Datum & Algorithm (analysis, prediction)"
payments technology also digital blockchain banking fintech related to innovation,doc_135,Financial Technology,None,doc_134,payment technology digital blockchain banking fintech relate innovation,Topic_5,"Financial & Fintech & Technology (digital, banking)"
intelligence artificial and learning algorithms algorithms deep in terms of algorithms learning algorithms learning including networks,doc_136,AI Technology,None,doc_135,intelligence artificial learn algorithm algorithm deep term algorithm learn algorithm learning include network,Noise,"Data Science & Datum & Algorithm (analysis, prediction)"
healthcare patient data and prevention readmission healthcare data analysis concerning analytics patient data prevention,doc_137,Healthcare Analytics,Data Science,doc_136,healthcare patient datum prevention readmission healthcare datum analysis concern analytic patient datum prevention,Noise,"Data Science & Datum & Algorithm (analysis, prediction)"
banking models with digital data analysis models algorithms,doc_138,Financial Technology,Data Science,doc_137,banking model digital datum analysis model algorithm,Noise,"Data Science & Datum & Algorithm (analysis, prediction)"
analysis trading including trading prediction algorithmic market for risk risk prediction market,doc_139,Financial Technology,None,doc_138,analysis trading include trading prediction algorithmic market risk risk prediction market,Topic_10,"Financial & Analysis & Prediction (market, financial)"
smart forecasting and analysis smart grid consumption regarding consumption models models optimization about forecasting optimization models optimization,doc_140,Sustainable Energy,None,doc_139,smart forecasting analysis smart grid consumption consumption model model optimization forecast optimization model optimization,Topic_6,"Energy & Optimization & Grid (consumption, analysis)"
efficiency generation in terms of energy hydroelectric wind,doc_141,Sustainable Energy,None,doc_140,efficiency generation term energy hydroelectric wind,Topic_3,"Energy & Efficiency & Hydroelectric (generation, energy)"
reduction reduction specifically climate impact reduction monitoring regarding carbon data impact carbon related to analysis,doc_142,Sustainable Energy,None,doc_141,reduction reduction specifically climate impact reduction monitoring carbon datum impact carbon relate analysis,Topic_11,"Energy & Impact & Carbon (datum, emission)"
batteries efficiency for efficiency capacity technology capacity for efficiency technology energy batteries,doc_143,Sustainable Energy,None,doc_142,battery efficiency efficiency capacity technology capacity efficiency technology energy battery,Topic_1,"Energy & Technology & Energy (battery, efficiency)"
visualization matplotlib also visualization python pandas pandas concerning matplotlib python,doc_144,Data Science,None,doc_143,visualization matplotlib visualization python panda panda concern matplotlib python,Topic_14,"Data Science & Visualization & Datum (matplotlib, science)"
classification regression including computer vision models prediction also classification classification machine learning including regression prediction regression regression,doc_145,AI Technology,None,doc_144,classification regression include computer vision model prediction classification classification machine learning include regression prediction regression regression,Topic_12,"AI & Classification & Prediction (regression, machine)"
renewable hydroelectric concerning power hydroelectric efficiency wind related to solar generation generation hydroelectric specifically generation,doc_146,Sustainable Energy,None,doc_145,renewable hydroelectric concern power hydroelectric efficiency wind relate solar generation generation hydroelectric specifically generation,Topic_3,"Energy & Efficiency & Hydroelectric (generation, energy)"
classification machine specifically predictive classification algorithms algorithms concerning learning modeling classification modeling related to predictive modeling,doc_147,Data Science,None,doc_146,classification machine specifically predictive classification algorithms algorithm concern learn model classification modeling relate predictive modeling,Topic_12,"AI & Classification & Prediction (regression, machine)"
treatment metrics including medical effectiveness analysis data in terms of outcomes effectiveness outcomes patient with patient analysis,doc_148,Healthcare Analytics,None,doc_147,treatment metric include medical effectiveness analysis datum term outcome effectiveness outcome patient patient analysis,Topic_16,"Healthcare & Patient & Effectiveness (treatment, outcome)"
data analysis data analysis also correlation algorithms prediction data in terms of regression algorithms analysis correlation with,doc_149,Data Science,Financial Technology,doc_148,datum analysis datum analysis correlation algorithm prediction datum term regression algorithm analysis correlation,Noise,"Data Science & Datum & Algorithm (analysis, prediction)"
prediction predictive also predictive learning accuracy machine learning also prediction algorithms machine prediction,doc_150,Data Science,AI Technology,doc_149,prediction predictive predictive learn accuracy machine learning prediction algorithm machine prediction,Noise,"Data Science & Datum & Algorithm (analysis, prediction)"
big streaming also streaming streaming big spark also,doc_151,Data Science,None,doc_150,big streaming stream stream big spark,Topic_2,"Datum & Computation (big, spark)"
batteries batteries in terms of capacity prediction storage prediction,doc_152,Sustainable Energy,AI Technology,doc_151,battery battery term capacity prediction storage prediction,Topic_1,"Energy & Technology & Energy (battery, efficiency)"
diagnosis medical and detection analysis detection,doc_153,Healthcare Analytics,None,doc_152,diagnosis medical detection analysis detection,Noise,"Data Science & Datum & Algorithm (analysis, prediction)"
tokens tokens in terms of text language transformers language including language text processing bert also natural generation text processing,doc_154,AI Technology,None,doc_153,tokens tokens term text language transformer language include language text processing bert natural generation text processing,Topic_0,"Language & Generation (token, natural)"
analysis machine for detection learning machine learning in terms of machine detection data financial for detection data,doc_155,Financial Technology,None,doc_154,analysis machine detection learn machine learn term machine detection datum financial detection datum,Noise,"Data Science & Datum & Algorithm (analysis, prediction)"
effectiveness outcomes also patient treatment,doc_156,Healthcare Analytics,None,doc_155,effectiveness outcome patient treatment,Topic_16,"Healthcare & Patient & Effectiveness (treatment, outcome)"
support clinical in terms of algorithms support evidence support for clinical patient outcomes,doc_157,Healthcare Analytics,Data Science,doc_156,support clinical term algorithm support evidence support clinical patient outcome,Noise,"Data Science & Datum & Algorithm (analysis, prediction)"
machine computer specifically models learning machine computer,doc_158,AI Technology,None,doc_157,machine computer specifically model learn machine computer,Noise,"Data Science & Datum & Algorithm (analysis, prediction)"
forecasting training related to models learning algorithms data and intelligence algorithms data prediction with prediction forecasting networks data including learning forecasting training,doc_159,AI Technology,Sustainable Energy,doc_158,forecasting training relate model learn algorithm datum intelligence algorithm datum prediction prediction forecasting network datum include learn forecasting training,Noise,"Data Science & Datum & Algorithm (analysis, prediction)"
text processing and tokens language processing bert related to language tokens language language in terms of language tokens generation,doc_160,AI Technology,None,doc_159,text processing token language processing bert relate language token language language term language token generation,Topic_0,"Language & Generation (token, natural)"
prevention prevention regarding hospital hospital healthcare,doc_161,Healthcare Analytics,None,doc_160,prevention prevention hospital hospital healthcare,Topic_8,"Healthcare & Prediction & Hospital (analytic, healthcare)"
market market also trading analysis prediction market for trading financial prediction algorithmic specifically prediction models,doc_162,Financial Technology,None,doc_161,market market trade analysis prediction market trade financial prediction algorithmic specifically prediction model,Topic_10,"Financial & Analysis & Prediction (market, financial)"
prediction machine with deep learning learning learning regression specifically deep learning medical imaging diagnosis models and regression deep learning classification,doc_163,AI Technology,Healthcare Analytics,doc_162,prediction machine deep learning learning learn regression specifically deep learn medical imaging diagnosis model regression deep learning classification,Topic_9,"AI & Medical & Detection (imaging, deep)"
fraud machine and fraud fraud patterns data also,doc_164,Financial Technology,None,doc_163,fraud machine fraud fraud pattern datum,Topic_13,"Financial & Fraud & Detection (financial, datum)"
patient algorithms also clinical systems algorithms support for systems clinical clinical,doc_165,Healthcare Analytics,None,doc_164,patient algorithm clinical system algorithm support system clinical clinical,Noise,"Data Science & Datum & Algorithm (analysis, prediction)"
neural data about learning algorithms learning data in terms of intelligence training,doc_166,AI Technology,None,doc_165,neural datum learn algorithm learn datum term intelligence training,Topic_15,"AI & Datum & Artificial (neural, intelligence)"
learning modeling regarding classification classification classification predictive related to predictive algorithms modeling accuracy concerning modeling,doc_167,Data Science,None,doc_166,learn modeling classification classification classification predictive relate predictive algorithm modeling accuracy concern modeling,Topic_12,"AI & Classification & Prediction (regression, machine)"
fintech digital about banking innovation banking fintech about digital blockchain blockchain,doc_168,Financial Technology,None,doc_167,fintech digital banking innovation banking fintech digital blockchain blockchain,Topic_5,"Financial & Fintech & Technology (digital, banking)"
wind hydroelectric for generation hydroelectric energy efficiency with efficiency efficiency generation,doc_169,Sustainable Energy,None,doc_168,wind hydroelectric generation hydroelectric energy efficiency efficiency efficiency generation,Topic_3,"Energy & Efficiency & Hydroelectric (generation, energy)"
big spark concerning computation computation pipelines processing in terms of data,doc_170,Data Science,None,doc_169,big spark concern computation computation pipeline processing term datum,Topic_2,"Datum & Computation (big, spark)"
optimization smart including forecasting data analysis forecasting in terms of grid,doc_171,Sustainable Energy,AI Technology,doc_170,optimization smart include forecast datum analysis forecasting term grid,Topic_6,"Energy & Optimization & Grid (consumption, analysis)"
outcomes metrics and patient patient effectiveness outcomes concerning analysis data medical prediction and analysis,doc_172,Healthcare Analytics,AI Technology,doc_171,outcomes metric patient patient effectiveness outcome concern analysis data medical prediction analysis,Topic_16,"Healthcare & Patient & Effectiveness (treatment, outcome)"
deep detection related to medical detection analysis imaging and diagnosis,doc_173,Healthcare Analytics,None,doc_172,deep detection relate medical detection analysis imaging diagnosis,Topic_9,"AI & Medical & Detection (imaging, deep)"
storage technology and technology storage efficiency efficiency concerning batteries efficiency energy technology regarding batteries capacity,doc_174,Sustainable Energy,None,doc_173,storage technology technology storage efficiency efficiency concern battery efficiency energy technology battery capacity,Topic_1,"Energy & Technology & Energy (battery, efficiency)"
treatment analysis regarding effectiveness patient outcomes metrics including treatment effectiveness treatment medical also outcomes data treatment,doc_175,Healthcare Analytics,None,doc_174,treatment analysis effectiveness patient outcome metric include treatment effectiveness treatment medical outcome datum treatment,Topic_16,"Healthcare & Patient & Effectiveness (treatment, outcome)"
algorithmic algorithmic specifically models financial risk,doc_176,Financial Technology,None,doc_175,algorithmic algorithmic specifically model financial risk,Topic_10,"Financial & Analysis & Prediction (market, financial)"
solar wind with energy power hydroelectric wind,doc_177,Sustainable Energy,None,doc_176,solar wind energy power hydroelectric wind,Topic_3,"Energy & Efficiency & Hydroelectric (generation, energy)"
classification computer related to classification regression prediction vision and,doc_178,AI Technology,None,doc_177,classification computer relate classification regression prediction vision,Topic_12,"AI & Classification & Prediction (regression, machine)"
statistics prediction also machine learning data regression insights concerning insights,doc_179,Data Science,AI Technology,doc_178,statistic prediction machine learn datum regression insight concern insight,Topic_14,"Data Science & Visualization & Datum (matplotlib, science)"
data analysis visualization for analysis insights insights regression also analysis statistics statistics visualization with prediction outcomes visualization,doc_180,Data Science,Healthcare Analytics,doc_179,datum analysis visualization analysis insight insight regression analysis statistic statistic visualization prediction outcome visualization,Topic_14,"Data Science & Visualization & Datum (matplotlib, science)"
banking technology for digital models technology data analysis about algorithms data analysis payments,doc_181,Financial Technology,Data Science,doc_180,banking technology digital model technology datum analysis algorithm datum analysis payment,Noise,"Data Science & Datum & Algorithm (analysis, prediction)"
algorithms machine learning with data networks algorithms intelligence including prediction learning neural data for data prediction,doc_182,AI Technology,Data Science,doc_181,algorithms machine learn data network algorithm intelligence include prediction learn neural datum datum prediction,Topic_15,"AI & Datum & Artificial (neural, intelligence)"
optimization rewards also learning optimization reinforcement agents related to environments learning policy optimization and optimization machine learning agents agents about,doc_183,AI Technology,Data Science,doc_182,optimization reward learn optimization reinforcement agent relate environment learn policy optimization optimization machine learn agent agent,Topic_7,"Optimization & Policy (reinforcement, reward)"
medical deep about learning medical deep medical about learning deep analysis medical concerning,doc_184,Healthcare Analytics,None,doc_183,medical deep learn medical deep medical learn deep analysis medical concern,Noise,"Data Science & Datum & Algorithm (analysis, prediction)"
outcomes effectiveness also outcomes patient,doc_185,Healthcare Analytics,None,doc_184,outcomes effectiveness outcome patient,Topic_16,"Healthcare & Patient & Effectiveness (treatment, outcome)"
analytics care about care care prevention readmission about hospital hospital analytics prevention regarding,doc_186,Healthcare Analytics,None,doc_185,analytic care care care prevention readmission hospital hospital analytic prevention,Topic_8,"Healthcare & Prediction & Hospital (analytic, healthcare)"
cryptocurrency distributed also ledger smart smart blockchain,doc_187,Financial Technology,None,doc_186,cryptocurrency distribute ledger smart smart blockchain,Topic_4,"Transaction & Distribute (smart, blockchain)"
analysis data with analysis data insights statistics,doc_188,Data Science,None,doc_187,analysis datum analysis data insight statistic,Topic_14,"Data Science & Visualization & Datum (matplotlib, science)"
support systems also data support patient support including data clinical support patient,doc_189,Healthcare Analytics,None,doc_188,support system data support patient support include data clinical support patient,Noise,"Data Science & Datum & Algorithm (analysis, prediction)"
distributed blockchain in terms of blockchain distributed,doc_190,Financial Technology,None,doc_189,distribute blockchain term blockchain distribute,Topic_4,"Transaction & Distribute (smart, blockchain)"
grid forecasting also grid optimization,doc_191,Sustainable Energy,None,doc_190,grid forecasting grid optimization,Topic_6,"Energy & Optimization & Grid (consumption, analysis)"
processing computation and big data data computation,doc_192,Data Science,None,doc_191,processing computation big data datum computation,Topic_2,"Datum & Computation (big, spark)"
vision prediction and prediction learning learning learning,doc_193,AI Technology,None,doc_192,vision prediction prediction learning learning learn,Noise,"Data Science & Datum & Algorithm (analysis, prediction)"
generation language related to generation language tokens generation specifically bert generation,doc_194,AI Technology,None,doc_193,generation language relate generation language token generation specifically bert generation,Topic_0,"Language & Generation (token, natural)"
neural training specifically data learning artificial intelligence concerning intelligence learning data learning related to,doc_195,AI Technology,None,doc_194,neural training specifically datum learn artificial intelligence concern intelligence learn datum learning relate,Topic_15,"AI & Datum & Artificial (neural, intelligence)"
hydroelectric power including power hydroelectric efficiency hydroelectric and wind wind generation wind,doc_196,Sustainable Energy,None,doc_195,hydroelectric power include power hydroelectric efficiency hydroelectric wind wind generation wind,Topic_3,"Energy & Efficiency & Hydroelectric (generation, energy)"
algorithms data regarding patient decision,doc_197,Healthcare Analytics,None,doc_196,algorithms datum patient decision,Noise,"Data Science & Datum & Algorithm (analysis, prediction)"
fintech algorithms related to fintech fintech fintech banking related to technology payments models,doc_198,Financial Technology,Data Science,doc_197,fintech algorithm relate fintech fintech fintech banking relate technology payment model,Topic_5,"Financial & Fintech & Technology (digital, banking)"
science visualization about pandas projects pandas,doc_199,Data Science,None,doc_198,science visualization panda project panda,Topic_14,"Data Science & Visualization & Datum (matplotlib, science)"
models analysis regarding smart analysis models consumption about,doc_200,Sustainable Energy,None,doc_199,model analysis smart analysis model consumption,Noise,"Data Science & Datum & Algorithm (analysis, prediction)"
streaming spark also big machine learning big models about processing big pipelines hadoop for streaming spark computation data regarding,doc_201,Data Science,AI Technology,doc_200,streaming spark big machine learn big model process big pipeline hadoop stream spark computation datum,Topic_2,"Datum & Computation (big, spark)"
spark processing and computation pipelines spark data in terms of,doc_202,Data Science,None,doc_201,spark processing computation pipeline spark datum term,Topic_2,"Datum & Computation (big, spark)"
fintech technology concerning blockchain algorithms technology digital concerning prediction prediction payments innovation regarding innovation algorithms blockchain,doc_203,Financial Technology,Data Science,doc_202,fintech technology concern blockchain algorithm technology digital concern prediction prediction payment innovation innovation algorithm blockchain,Topic_5,"Financial & Fintech & Technology (digital, banking)"
patient metrics with patient patient effectiveness effectiveness with analysis,doc_204,Healthcare Analytics,None,doc_203,patient metric patient patient effectiveness effectiveness analysis,Topic_16,"Healthcare & Patient & Effectiveness (treatment, outcome)"
models analysis specifically market risk analysis prediction in terms of,doc_205,Financial Technology,None,doc_204,model analysis specifically market risk analysis prediction term,Topic_10,"Financial & Analysis & Prediction (market, financial)"
visualization models specifically prediction statistics statistics insights related to models models statistics insights also statistics classification regression statistics regarding,doc_206,Data Science,AI Technology,doc_205,visualization model specifically prediction statistic statistic insight relate model model statistic insight statistic classification regression statistic,Topic_14,"Data Science & Visualization & Datum (matplotlib, science)"
medical analysis also medical deep imaging imaging including learning imaging medical pathology including learning detection detection medical,doc_207,Healthcare Analytics,None,doc_206,medical analysis medical deep imaging imaging include learn image medical pathology include learn detection detection medical,Topic_9,"AI & Medical & Detection (imaging, deep)"
science data regarding matplotlib projects matplotlib python also visualization matplotlib visualization projects and,doc_208,Data Science,None,doc_207,science datum matplotlib project matplotlib python visualization matplotlib visualization project,Topic_14,"Data Science & Visualization & Datum (matplotlib, science)"
learning algorithms for prediction modeling classification data analysis regarding data analysis learning accuracy accuracy about data analysis data analysis predictive machine with classification,doc_209,Data Science,Healthcare Analytics,doc_208,learn algorithm prediction model classification datum analysis datum analysis learn accuracy accuracy datum analysis datum analysis predictive machine classification,Topic_15,"AI & Datum & Artificial (neural, intelligence)"
smart transactions for distributed smart,doc_210,Financial Technology,None,doc_209,smart transaction distribute smart,Topic_4,"Transaction & Distribute (smart, blockchain)"
distributed smart with cryptocurrency blockchain,doc_211,Financial Technology,None,doc_210,distribute smart cryptocurrency blockchain,Topic_4,"Transaction & Distribute (smart, blockchain)"
trading market for analysis financial market trading related to prediction analysis analysis financial about prediction risk risk,doc_212,Financial Technology,None,doc_211,trading market analysis financial market trading relate prediction analysis analysis financial prediction risk risk,Topic_10,"Financial & Analysis & Prediction (market, financial)"
power hydroelectric concerning generation power energy renewable,doc_213,Sustainable Energy,None,doc_212,power hydroelectric concern generation power energy renewable,Topic_3,"Energy & Efficiency & Hydroelectric (generation, energy)"
learning models including classification models classification prediction concerning regression computer prediction vision also computer prediction learning,doc_214,AI Technology,None,doc_213,learn model include classification model classification prediction concern regression computer prediction vision computer prediction learn,Topic_12,"AI & Classification & Prediction (regression, machine)"
data matplotlib in terms of data numpy,doc_215,Data Science,None,doc_214,datum matplotlib term datum numpy,Topic_14,"Data Science & Visualization & Datum (matplotlib, science)"
readmission analytics also prediction analytics prediction analytics related to prevention prevention prediction prevention concerning hospital hospital,doc_216,Healthcare Analytics,None,doc_215,readmission analytic prediction analytic prediction analytic relate prevention prevention prediction prevention concern hospital hospital,Topic_8,"Healthcare & Prediction & Hospital (analytic, healthcare)"
optimization optimization for forecasting rewards reinforcement reinforcement regarding agents environments forecasting optimization in terms of,doc_217,AI Technology,Sustainable Energy,doc_216,optimization optimization forecast reward reinforcement reinforcement agent environment forecast optimization term,Topic_7,"Optimization & Policy (reinforcement, reward)"
algorithms outcomes for outcomes outcomes data analysis prediction related to data evidence algorithms evidence with,doc_218,Healthcare Analytics,Data Science,doc_217,algorithm outcome outcome outcomes datum analysis prediction relate datum evidence algorithm evidence,Noise,"Data Science & Datum & Algorithm (analysis, prediction)"
algorithmic financial concerning models models financial models in terms of market financial models,doc_219,Financial Technology,None,doc_218,algorithmic financial concern model model financial model term market financial model,Topic_10,"Financial & Analysis & Prediction (market, financial)"
batteries batteries for storage storage optimization capacity with energy,doc_220,Sustainable Energy,AI Technology,doc_219,battery battery storage storage optimization capacity energy,Topic_1,"Energy & Technology & Energy (battery, efficiency)"
imaging analysis also pathology analysis diagnosis learning including analysis medical imaging medical and pathology,doc_221,Healthcare Analytics,None,doc_220,image analysis pathology analysis diagnosis learning include analysis medical imaging medical pathology,Topic_9,"AI & Medical & Detection (imaging, deep)"
innovation storage regarding technology innovation,doc_222,Sustainable Energy,None,doc_221,innovation storage technology innovation,Topic_1,"Energy & Technology & Energy (battery, efficiency)"
policy rewards specifically environments optimization rewards environments concerning rewards rewards reinforcement optimization including policy,doc_223,AI Technology,None,doc_222,policy reward specifically environment optimization reward environment concern reward reward reinforcement optimization include policy,Topic_7,"Optimization & Policy (reinforcement, reward)"
cryptocurrency transactions with blockchain ledger algorithms transactions for ledger cryptocurrency,doc_224,Financial Technology,Data Science,doc_223,cryptocurrency transaction blockchain ledger algorithm transaction ledger cryptocurrency,Topic_4,"Transaction & Distribute (smart, blockchain)"
learning prediction also vision computer prediction regression in terms of classification prediction,doc_225,AI Technology,None,doc_224,learn prediction vision computer prediction regression term classification prediction,Topic_12,"AI & Classification & Prediction (regression, machine)"
decision data also patient clinical support data and algorithms data support systems,doc_226,Healthcare Analytics,None,doc_225,decision datum patient clinical support datum algorithm datum support system,Noise,"Data Science & Datum & Algorithm (analysis, prediction)"
monitoring emissions for analysis reduction analysis carbon regarding data monitoring climate carbon specifically carbon impact,doc_227,Sustainable Energy,None,doc_226,monitor emission analysis reduction analysis carbon datum monitor climate carbon specifically carbon impact,Topic_11,"Energy & Impact & Carbon (datum, emission)"
medical patient concerning data effectiveness metrics patient also data metrics treatment medical about treatment patient prediction,doc_228,Healthcare Analytics,AI Technology,doc_227,medical patient concern datum effectiveness metric patient data metric treatment medical treatment patient prediction,Topic_16,"Healthcare & Patient & Effectiveness (treatment, outcome)"
medical metrics also metrics medical patient effectiveness regarding outcomes effectiveness treatment,doc_229,Healthcare Analytics,None,doc_228,medical metric metric medical patient effectiveness outcome effectiveness treatment,Topic_16,"Healthcare & Patient & Effectiveness (treatment, outcome)"
data reduction and data impact reduction impact with impact analysis monitoring impact and impact data,doc_230,Sustainable Energy,None,doc_229,data reduction datum impact reduction impact impact analysis monitoring impact impact datum,Topic_11,"Energy & Impact & Carbon (datum, emission)"
models prediction with tokens optimization language prediction also natural transformers,doc_231,AI Technology,Sustainable Energy,doc_230,model prediction tokens optimization language prediction natural transformer,Topic_0,"Language & Generation (token, natural)"
machine predictive related to machine modeling modeling algorithms about predictive,doc_232,Data Science,None,doc_231,machine predictive relate machine modeling modeling algorithm predictive,Noise,"Data Science & Datum & Algorithm (analysis, prediction)"
optimization forecasting with analysis data analysis grid in terms of grid optimization models forecasting with,doc_233,Sustainable Energy,None,doc_232,optimization forecast analysis datum analysis grid term grid optimization model forecast,Topic_6,"Energy & Optimization & Grid (consumption, analysis)"
detection pathology with pathology learning diagnosis,doc_234,Healthcare Analytics,None,doc_233,detection pathology pathology learn diagnosis,Topic_9,"AI & Medical & Detection (imaging, deep)"
impact monitoring including analysis emissions carbon emissions about reduction impact impact,doc_235,Sustainable Energy,AI Technology,doc_234,impact monitoring include analysis emission carbon emission reduction impact impact,Topic_11,"Energy & Impact & Carbon (datum, emission)"
classification prediction in terms of vision machine machine vision for learning classification vision computer including vision,doc_236,AI Technology,Data Science,doc_235,classification prediction term vision machine machine vision learn classification vision computer include vision,Topic_12,"AI & Classification & Prediction (regression, machine)"
prediction hospital including care healthcare,doc_237,Healthcare Analytics,None,doc_236,prediction hospital include care healthcare,Topic_8,"Healthcare & Prediction & Hospital (analytic, healthcare)"
healthcare prediction in terms of healthcare care hospital,doc_238,Healthcare Analytics,None,doc_237,healthcare prediction term healthcare care hospital,Topic_8,"Healthcare & Prediction & Hospital (analytic, healthcare)"
learning predictive related to algorithms accuracy algorithms algorithms specifically predictive machine classification algorithms for learning modeling predictive machine,doc_239,Data Science,AI Technology,doc_238,learn predictive relate algorithms accuracy algorithms algorithm specifically predictive machine classification algorithm learn model predictive machine,Topic_12,"AI & Classification & Prediction (regression, machine)"
risk market in terms of models risk algorithmic trading specifically trading risk analysis risk specifically analysis market,doc_240,Financial Technology,None,doc_239,risk market term model risk algorithmic trading specifically trade risk analysis risk specifically analysis market,Topic_10,"Financial & Analysis & Prediction (market, financial)"
networks neural about deep data artificial learning for intelligence,doc_241,AI Technology,None,doc_240,network neural deep datum artificial learning intelligence,Topic_15,"AI & Datum & Artificial (neural, intelligence)"
hydroelectric solar concerning generation renewable generation efficiency specifically generation hydroelectric solar wind for energy generation energy efficiency,doc_242,Sustainable Energy,None,doc_241,hydroelectric solar concern generation renewable generation efficiency specifically generation hydroelectric solar wind energy generation energy efficiency,Topic_3,"Energy & Efficiency & Hydroelectric (generation, energy)"
insights statistics regarding insights analysis,doc_243,Data Science,None,doc_242,insight statistic insight analysis,Noise,"Data Science & Datum & Algorithm (analysis, prediction)"
outcomes metrics also data outcomes outcomes,doc_244,Healthcare Analytics,None,doc_243,outcomes metric data outcome outcome,Noise,"Data Science & Datum & Algorithm (analysis, prediction)"
transactions ledger with smart transactions blockchain distributed concerning,doc_245,Financial Technology,None,doc_244,transaction ledger smart transaction blockchain distribute concern,Topic_4,"Transaction & Distribute (smart, blockchain)"
processing bert for language tokens natural text in terms of natural generation tokens text including tokens natural,doc_246,AI Technology,None,doc_245,process bert language token natural text term natural generation token text include token natural,Topic_0,"Language & Generation (token, natural)"
models storage related to forecasting batteries optimization technology regarding batteries storage batteries energy in terms of models models forecasting models also innovation,doc_247,Sustainable Energy,AI Technology,doc_246,model storage relate forecasting battery optimization technology battery storage battery energy term model model forecast model innovation,Topic_1,"Energy & Technology & Energy (battery, efficiency)"
reduction carbon and data monitoring carbon carbon with impact data monitoring emissions about,doc_248,Sustainable Energy,None,doc_247,reduction carbon datum monitor carbon carbon impact datum monitoring emission,Topic_11,"Energy & Impact & Carbon (datum, emission)"
spark data analysis in terms of streaming data analysis big data analysis including processing big processing big specifically processing pipelines prediction,doc_249,Data Science,Financial Technology,doc_248,spark datum analysis term stream datum analysis big datum analysis include process big processing big specifically process pipeline prediction,Topic_2,"Datum & Computation (big, spark)"
prediction analytics regarding analytics prediction prediction hospital with healthcare care prevention healthcare concerning,doc_250,Healthcare Analytics,None,doc_249,prediction analytic analytic prediction prediction hospital healthcare care prevention healthcare concern,Topic_8,"Healthcare & Prediction & Hospital (analytic, healthcare)"
clinical evidence about support support,doc_251,Healthcare Analytics,None,doc_250,clinical evidence support support,Noise,"Data Science & Datum & Algorithm (analysis, prediction)"
machine learning prediction related to environments classification machine learning rewards with prediction machine learning,doc_252,AI Technology,Data Science,doc_251,machine learn prediction relate environment classification machine learn reward prediction machine learning,Topic_7,"Optimization & Policy (reinforcement, reward)"
prediction readmission for healthcare readmission prevention care including readmission prevention healthcare healthcare including,doc_253,Healthcare Analytics,None,doc_252,prediction readmission healthcare readmission prevention care include readmission prevention healthcare healthcare include,Noise,"Data Science & Datum & Algorithm (analysis, prediction)"
regression prediction also computer computer classification machine also computer vision regression machine and vision regression,doc_254,AI Technology,None,doc_253,regression prediction computer computer classification machine computer vision regression machine vision regression,Topic_12,"AI & Classification & Prediction (regression, machine)"
technology batteries for technology capacity energy energy about storage efficiency innovation,doc_255,Sustainable Energy,None,doc_254,technology battery technology capacity energy energy storage efficiency innovation,Topic_1,"Energy & Technology & Energy (battery, efficiency)"
data science related to data matplotlib data data concerning projects pandas numpy numpy,doc_256,Data Science,None,doc_255,data science relate datum matplotlib datum datum concern project panda numpy numpy,Topic_14,"Data Science & Visualization & Datum (matplotlib, science)"
consumption analysis specifically consumption smart optimization models and models analysis forecasting models for grid consumption,doc_257,Sustainable Energy,None,doc_256,consumption analysis specifically consumption smart optimization model model analysis forecasting model grid consumption,Topic_6,"Energy & Optimization & Grid (consumption, analysis)"
forecasting optimization for optimization forecasting smart data and optimization models optimization optimization,doc_258,Sustainable Energy,AI Technology,doc_257,forecast optimization optimization forecast smart datum optimization model optimization optimization,Topic_6,"Energy & Optimization & Grid (consumption, analysis)"
capacity energy with capacity technology innovation batteries concerning,doc_259,Sustainable Energy,None,doc_258,capacity energy capacity technology innovation battery concern,Topic_1,"Energy & Technology & Energy (battery, efficiency)"
environments optimization in terms of rewards agents,doc_260,AI Technology,None,doc_259,environment optimization term reward agent,Topic_7,"Optimization & Policy (reinforcement, reward)"
patient treatment also analysis outcomes patient effectiveness specifically patient,doc_261,Healthcare Analytics,None,doc_260,patient treatment analysis outcome patient effectiveness specifically patient,Topic_16,"Healthcare & Patient & Effectiveness (treatment, outcome)"
algorithms algorithms specifically predictive algorithms learning learning with machine algorithms learning accuracy including algorithms,doc_262,Data Science,None,doc_261,algorithms algorithm specifically predictive algorithms learning learn machine algorithm learn accuracy include algorithm,Topic_12,"AI & Classification & Prediction (regression, machine)"
classification learning and deep intelligence neural networks with artificial deep neural data specifically neural networks,doc_263,AI Technology,Data Science,doc_262,classification learning deep intelligence neural network artificial deep neural datum specifically neural network,Topic_15,"AI & Datum & Artificial (neural, intelligence)"
algorithms evidence specifically patient decision systems algorithms for decision,doc_264,Healthcare Analytics,Data Science,doc_263,algorithms evidence specifically patient decision system algorithm decision,Noise,"Data Science & Datum & Algorithm (analysis, prediction)"
learning data analysis including predictive machine machine modeling including modeling algorithms accuracy algorithms concerning algorithms prediction prediction accuracy with,doc_265,Data Science,Financial Technology,doc_264,learn datum analysis include predictive machine machine modeling include modeling algorithm accuracy algorithm concern algorithm prediction prediction accuracy,Noise,"Data Science & Datum & Algorithm (analysis, prediction)"
computation spark in terms of pipelines data big pipelines concerning computation spark hadoop spark regarding streaming,doc_266,Data Science,None,doc_265,computation spark term pipeline data big pipeline concern computation spark hadoop spark streaming,Topic_2,"Datum & Computation (big, spark)"
effectiveness diagnosis about treatment prediction data patient regarding medical,doc_267,Healthcare Analytics,AI Technology,doc_266,effectiveness diagnosis treatment prediction datum patient medical,Noise,"Data Science & Datum & Algorithm (analysis, prediction)"
transactions transactions with smart distributed distributed ledger specifically contracts ledger smart smart with distributed blockchain,doc_268,Financial Technology,None,doc_267,transaction transaction smart distribute distribute ledger specifically contract ledger smart smart distribute blockchain,Topic_4,"Transaction & Distribute (smart, blockchain)"
contracts blockchain about blockchain smart transactions distributed and cryptocurrency transactions transactions distributed,doc_269,Financial Technology,None,doc_268,contract blockchain blockchain smart transaction distribute cryptocurrency transaction transaction distribute,Topic_4,"Transaction & Distribute (smart, blockchain)"
models models regarding generation generation optimization wind including efficiency models optimization hydroelectric specifically models generation forecasting renewable about energy,doc_270,Sustainable Energy,AI Technology,doc_269,model model generation generation optimization wind include efficiency model optimization hydroelectric specifically model generation forecasting renewable energy,Topic_3,"Energy & Efficiency & Hydroelectric (generation, energy)"
technology technology for batteries innovation efficiency storage in terms of technology capacity efficiency energy including efficiency batteries energy,doc_271,Sustainable Energy,None,doc_270,technology technology battery innovation efficiency storage term technology capacity efficiency energy include efficiency battery energy,Topic_1,"Energy & Technology & Energy (battery, efficiency)"
data analysis including financial analysis financial fraud with analysis detection analysis fraud for fraud fraud fraud fraud,doc_272,Financial Technology,None,doc_271,datum analysis include financial analysis financial fraud analysis detection analysis fraud fraud fraud fraud fraud,Topic_13,"Financial & Fraud & Detection (financial, datum)"
patient data clinical specifically patient patient data support patient specifically patient,doc_273,Healthcare Analytics,Data Science,doc_272,patient datum clinical specifically patient patient datum support patient specifically patient,Noise,"Data Science & Datum & Algorithm (analysis, prediction)"
analysis models for analysis market prediction risk related to algorithmic,doc_274,Financial Technology,None,doc_273,analysis model analysis market prediction risk relate algorithmic,Topic_10,"Financial & Analysis & Prediction (market, financial)"
technology technology including digital banking innovation payments for blockchain fintech innovation digital and payments innovation,doc_275,Financial Technology,None,doc_274,technology technology include digital banking innovation payment blockchain fintech innovation digital payment innovation,Topic_5,"Financial & Fintech & Technology (digital, banking)"
transactions cryptocurrency in terms of smart transactions data analysis models concerning distributed contracts prediction,doc_276,Financial Technology,Data Science,doc_275,transaction cryptocurrency term smart transaction datum analysis model concern distribute contract prediction,Topic_4,"Transaction & Distribute (smart, blockchain)"
gpt text and language generation bert natural for natural bert transformers transformers in terms of text,doc_277,AI Technology,None,doc_276,gpt text language generation bert natural natural bert transformer transformer term text,Topic_0,"Language & Generation (token, natural)"
healthcare care and analytics prediction care,doc_278,Healthcare Analytics,None,doc_277,healthcare care analytic prediction care,Topic_8,"Healthcare & Prediction & Hospital (analytic, healthcare)"
storage capacity for energy efficiency technology technology related to,doc_279,Sustainable Energy,None,doc_278,storage capacity energy efficiency technology technology relate,Topic_1,"Energy & Technology & Energy (battery, efficiency)"
machine models in terms of models prediction models classification about computer regression classification machine related to computer classification machine prediction,doc_280,AI Technology,None,doc_279,machine model term model prediction model classification computer regression classification machine relate computer classification machine prediction,Topic_12,"AI & Classification & Prediction (regression, machine)"
transformers text related to models optimization gpt gpt in terms of models bert natural gpt concerning language gpt optimization transformers in terms of,doc_281,AI Technology,Sustainable Energy,doc_280,transformer text relate model optimization gpt gpt term model bert natural gpt concern language gpt optimization transformer term,Topic_0,"Language & Generation (token, natural)"
learning learning and policy environments prediction reinforcement for learning models reinforcement policy for reinforcement agents prediction optimization specifically forecasting,doc_282,AI Technology,Sustainable Energy,doc_281,learn learning policy environment prediction reinforcement learning model reinforcement policy reinforcement agent prediction optimization specifically forecast,Topic_7,"Optimization & Policy (reinforcement, reward)"
prediction prediction regarding care analytics prediction care,doc_283,Healthcare Analytics,None,doc_282,prediction prediction care analytic prediction care,Noise,"Data Science & Datum & Algorithm (analysis, prediction)"
analysis correlation concerning visualization data,doc_284,Data Science,None,doc_283,analysis correlation concern visualization datum,Noise,"Data Science & Datum & Algorithm (analysis, prediction)"
readmission analytics concerning healthcare diagnosis medical imaging hospital about prediction diagnosis diagnosis medical imaging for medical imaging analytics,doc_285,Healthcare Analytics,AI Technology,doc_284,readmission analytic concern healthcare diagnosis medical imaging hospital prediction diagnosis diagnosis medical imaging medical imaging analytic,Topic_8,"Healthcare & Prediction & Hospital (analytic, healthcare)"
tokens language in terms of models language forecasting gpt including forecasting natural,doc_286,AI Technology,Sustainable Energy,doc_285,tokens language term model language forecasting gpt include forecast natural,Topic_0,"Language & Generation (token, natural)"
science visualization related to python classification models pandas also classification classification visualization,doc_287,Data Science,AI Technology,doc_286,science visualization relate python classification model panda classification classification visualization,Noise,"Data Science & Datum & Algorithm (analysis, prediction)"
batteries capacity concerning innovation efficiency technology,doc_288,Sustainable Energy,None,doc_287,battery capacity concern innovation efficiency technology,Topic_1,"Energy & Technology & Energy (battery, efficiency)"
algorithms patterns also data fraud machine fraud specifically patterns models machine analysis with,doc_289,Financial Technology,Data Science,doc_288,algorithms pattern data fraud machine fraud specifically pattern model machine analysis,Noise,"Data Science & Datum & Algorithm (analysis, prediction)"
impact optimization related to monitoring emissions monitoring models about,doc_290,Sustainable Energy,AI Technology,doc_289,impact optimization relate monitor emission monitoring model,Noise,"Data Science & Datum & Algorithm (analysis, prediction)"
data science including science numpy visualization numpy related to,doc_291,Data Science,None,doc_290,data science include science numpy visualization numpy relate,Noise,"Data Science & Datum & Algorithm (analysis, prediction)"
data analysis visualization also pandas visualization projects data analysis concerning data analysis data visualization visualization in terms of,doc_292,Data Science,Financial Technology,doc_291,datum analysis visualization panda visualization project data analysis concern datum analysis datum visualization visualization term,Topic_14,"Data Science & Visualization & Datum (matplotlib, science)"
prediction analysis about prediction trading models trading also prediction analysis financial market including algorithmic prediction,doc_293,Financial Technology,None,doc_292,prediction analysis prediction trading model trade prediction analysis financial market include algorithmic prediction,Topic_10,"Financial & Analysis & Prediction (market, financial)"
language natural concerning language text generation tokens,doc_294,AI Technology,None,doc_293,language natural concern language text generation token,Topic_0,"Language & Generation (token, natural)"
analytics readmission including healthcare care prevention prevention related to prediction healthcare hospital readmission concerning analytics care prediction,doc_295,Healthcare Analytics,None,doc_294,analytic readmission include healthcare care prevention prevention relate prediction healthcare hospital readmission concern analytic care prediction,Topic_8,"Healthcare & Prediction & Hospital (analytic, healthcare)"
science visualization specifically visualization matplotlib data numpy concerning visualization data matplotlib projects in terms of science,doc_296,Data Science,None,doc_295,science visualization specifically visualization matplotlib datum numpy concern visualization datum matplotlib project term science,Topic_14,"Data Science & Visualization & Datum (matplotlib, science)"
payments fintech specifically technology technology innovation digital including banking technology,doc_297,Financial Technology,None,doc_296,payment fintech specifically technology technology innovation digital include banking technology,Topic_5,"Financial & Fintech & Technology (digital, banking)"
data machine about patterns financial detection learning specifically machine data fraud,doc_298,Financial Technology,None,doc_297,data machine pattern financial detection learn specifically machine datum fraud,Topic_13,"Financial & Fraud & Detection (financial, datum)"
neural algorithms specifically learning deep intelligence networks including training learning algorithms intelligence and artificial learning networks networks,doc_299,AI Technology,None,doc_298,neural algorithm specifically learn deep intelligence network include training learning algorithm intelligence artificial learning network network,Noise,"Data Science & Datum & Algorithm (analysis, prediction)"
analysis insights and statistics regression regression data with,doc_300,Data Science,None,doc_299,analysis insight statistic regression regression datum,Topic_14,"Data Science & Visualization & Datum (matplotlib, science)"
