text,id,primary_topic,secondary_topic
technology models about algorithms banking technology technology in terms of data analysis blockchain fintech algorithms specifically payments models digital,doc_1,Financial Technology,Data Science
reinforcement policy in terms of agents agents,doc_2,AI Technology,None
models classification for classification learning regression machine regarding classification forecasting,doc_3,AI Technology,Sustainable Energy
classification accuracy concerning learning accuracy modeling predictive,doc_4,Data Science,None
ledger distributed in terms of blockchain smart transactions cryptocurrency related to transactions cryptocurrency,doc_5,Financial Technology,None
streaming streaming concerning data computation,doc_6,Data Science,None
prediction hospital specifically prevention prediction,doc_7,Healthcare Analytics,None
policy policy in terms of reinforcement optimization environments learning including environments environments learning,doc_8,AI Technology,None
models algorithmic also prediction trading market models with market risk models prediction in terms of,doc_9,Financial Technology,Data Science
consumption optimization specifically forecasting models,doc_10,Sustainable Energy,None
gpt natural regarding natural natural bert natural including text transformers processing,doc_11,AI Technology,None
models learning with neural learning intelligence neural regarding neural training models algorithms including intelligence,doc_12,AI Technology,Data Science
insights patient data with data analysis patient data analysis visualization with statistics correlation data data analysis specifically insights patient data insights statistics,doc_13,Data Science,Healthcare Analytics
learning predictive and accuracy predictive,doc_14,Data Science,None
tokens text for bert processing bert bert,doc_15,AI Technology,None
prevention readmission also readmission care prediction analytics specifically prediction prevention analytics prediction concerning analytics prediction,doc_16,Healthcare Analytics,None
learning patterns regarding fraud financial patterns detection,doc_17,Financial Technology,None
contracts blockchain related to contracts contracts,doc_18,Financial Technology,None
power hydroelectric and hydroelectric generation efficiency hydroelectric related to hydroelectric wind generation,doc_19,Sustainable Energy,None
storage innovation about energy storage technology storage in terms of batteries efficiency energy capacity about batteries efficiency batteries,doc_20,Sustainable Energy,None
data data in terms of projects python matplotlib projects also visualization python projects python,doc_21,Data Science,None
efficiency efficiency in terms of energy energy efficiency storage and energy energy innovation,doc_22,Sustainable Energy,None
storage technology related to energy innovation innovation storage including innovation energy capacity capacity including,doc_23,Sustainable Energy,None
efficiency power and efficiency renewable renewable renewable with efficiency hydroelectric hydroelectric power and,doc_24,Sustainable Energy,None
models processing also models text forecasting tokens for processing text prediction language in terms of forecasting bert text prediction including language prediction,doc_25,AI Technology,Sustainable Energy
technology capacity also innovation capacity batteries storage regarding capacity energy energy storage concerning innovation storage,doc_26,Sustainable Energy,None
computation data specifically pipelines spark pipelines streaming,doc_27,Data Science,None
big patient data in terms of pipelines big pipelines hadoop regarding streaming big spark data specifically big hadoop patient data hadoop for,doc_28,Data Science,Healthcare Analytics
text transformers for generation natural processing natural also tokens deep learning transformers generation including prediction gpt language,doc_29,AI Technology,Healthcare Analytics
computer learning including regression computer computer regression,doc_30,AI Technology,None
intelligence artificial and artificial training deep algorithms for artificial algorithms data intelligence with artificial learning algorithms training for,doc_31,AI Technology,None
learning learning about predictive machine predictive,doc_32,Data Science,None
detection machine related to analysis machine,doc_33,Financial Technology,None
detection patterns for patterns data fraud financial about financial fraud detection detection including fraud,doc_34,Financial Technology,None
algorithms models regarding models market market trading also market models prediction algorithms related to trading market analysis prediction,doc_35,Financial Technology,Data Science
decision data for data analysis decision support decision with data analysis systems data analysis patient specifically data patient,doc_36,Healthcare Analytics,Data Science
generation bert and tokens processing processing gpt related to natural gpt text generation,doc_37,AI Technology,None
healthcare prediction and care readmission hospital care also prevention care hospital prevention,doc_38,Healthcare Analytics,None
computation computation and computation computation computation big about processing spark data data concerning,doc_39,Data Science,None
bert text also transformers processing generation gpt for processing language,doc_40,AI Technology,None
wind hydroelectric and efficiency power generation efficiency specifically renewable,doc_41,Sustainable Energy,None
natural bert also natural text generation,doc_42,AI Technology,None
pathology detection in terms of deep imaging medical learning with deep detection imaging analysis and learning,doc_43,Healthcare Analytics,None
science algorithms related to pandas pandas visualization data related to projects data science visualization related to science data,doc_44,Data Science,AI Technology
analysis data also insights analysis visualization correlation with,doc_45,Data Science,Financial Technology
prediction trading about market trading analysis market,doc_46,Financial Technology,None
prediction patterns concerning analysis financial machine models about data machine fraud patterns specifically patterns analysis analysis data with models,doc_47,Financial Technology,Data Science
treatment treatment in terms of treatment outcomes medical outcomes including effectiveness effectiveness patient,doc_48,Healthcare Analytics,Data Science
analysis statistics concerning regression statistics regression data in terms of,doc_49,Data Science,None
models data analysis concerning data analysis matplotlib numpy algorithms concerning algorithms python python data concerning data data analysis science,doc_50,Data Science,Financial Technology
generation efficiency related to generation efficiency hydroelectric hydroelectric for wind efficiency energy efficiency about optimization power,doc_51,Sustainable Energy,AI Technology
hadoop processing including big hadoop streaming processing specifically computation computation processing data regarding streaming processing,doc_52,Data Science,None
deep learning language and bert diagnosis language deep learning related to transformers tokens diagnosis natural,doc_53,AI Technology,Healthcare Analytics
computation computation in terms of pipelines streaming computation hadoop related to classification streaming big processing including machine learning computation spark machine learning,doc_54,Data Science,AI Technology
patient medical related to medical medical data outcomes concerning outcomes treatment patient outcomes regarding data analysis data data,doc_55,Healthcare Analytics,None
analysis data including statistics insights,doc_56,Data Science,None
analysis algorithmic related to trading analysis trading algorithmic for trading,doc_57,Financial Technology,None
algorithms smart including models blockchain ledger cryptocurrency about transactions contracts contracts distributed specifically blockchain cryptocurrency,doc_58,Financial Technology,Data Science
prediction blockchain specifically cryptocurrency ledger blockchain data analysis regarding cryptocurrency cryptocurrency ledger,doc_59,Financial Technology,Data Science
digital innovation for digital digital innovation technology and fintech fintech technology technology also payments technology payments,doc_60,Financial Technology,None
visualization science related to numpy projects science matplotlib specifically visualization visualization,doc_61,Data Science,None
learning algorithms specifically analysis fraud data data including financial learning financial learning also prediction models,doc_62,Financial Technology,Data Science
algorithms banking with technology fintech data analysis technology concerning algorithms algorithms banking banking concerning algorithms data analysis blockchain technology,doc_63,Financial Technology,Data Science
pathology imaging about medical diagnosis detection deep,doc_64,Healthcare Analytics,None
visualization visualization regarding visualization numpy,doc_65,Data Science,None
innovation banking concerning digital innovation innovation innovation also technology technology,doc_66,Financial Technology,None
data analysis also consumption forecasting forecasting smart in terms of forecasting models data prediction for models models,doc_67,Sustainable Energy,AI Technology
rewards learning about optimization policy optimization environments for,doc_68,AI Technology,None
analysis detection concerning pathology imaging analysis deep regarding learning imaging detection learning also,doc_69,Healthcare Analytics,None
hadoop big and big pipelines streaming spark,doc_70,Data Science,None
decision evidence for data decision support algorithms also evidence evidence data patient about,doc_71,Healthcare Analytics,None
optimization policy concerning optimization agents deep learning learning,doc_72,AI Technology,Healthcare Analytics
optimization models about smart forecasting grid consumption specifically optimization forecasting models optimization about grid prediction,doc_73,Sustainable Energy,AI Technology
fintech blockchain including digital innovation blockchain blockchain,doc_74,Financial Technology,None
correlation statistics and data correlation regression insights,doc_75,Data Science,None
ledger cryptocurrency also transactions smart cryptocurrency transactions for smart transactions distributed contracts specifically blockchain blockchain transactions,doc_76,Financial Technology,None
blockchain contracts in terms of blockchain ledger transactions ledger specifically transactions distributed smart ledger also cryptocurrency,doc_77,Financial Technology,None
models models in terms of innovation models batteries batteries,doc_78,Sustainable Energy,AI Technology
data deep for data deep artificial networks,doc_79,AI Technology,None
detection detection for patterns financial,doc_80,Financial Technology,None
models power regarding generation forecasting energy power in terms of power solar hydroelectric hydroelectric specifically forecasting,doc_81,Sustainable Energy,AI Technology
environments agents and policy optimization reinforcement policy,doc_82,AI Technology,None
technology storage about capacity storage,doc_83,Sustainable Energy,None
prediction algorithmic related to analysis models algorithmic,doc_84,Financial Technology,None
vision models about prediction regression machine prediction,doc_85,AI Technology,None
distributed ledger about smart smart contracts cryptocurrency about smart smart contracts contracts also,doc_86,Financial Technology,None
medical imaging about detection diagnosis deep learning for medical deep learning pathology for,doc_87,Healthcare Analytics,None
data prediction in terms of data analysis regression data analysis prediction with algorithms correlation prediction analysis regarding visualization regression statistics analysis for analysis,doc_88,Data Science,Financial Technology
contracts cryptocurrency and smart blockchain smart ledger specifically distributed smart smart transactions for transactions transactions,doc_89,Financial Technology,None
machine machine concerning models prediction classification classification also computer regression computer models also computer regression,doc_90,AI Technology,None
fraud learning regarding patterns financial patterns fraud related to detection algorithms machine financial in terms of models models models machine concerning models algorithms,doc_91,Financial Technology,Data Science
energy energy and batteries innovation,doc_92,Sustainable Energy,None
forecasting analysis with models analysis optimization optimization concerning data grid data smart for forecasting consumption,doc_93,Sustainable Energy,None
data analysis for insights visualization,doc_94,Data Science,None
cryptocurrency contracts related to smart cryptocurrency,doc_95,Financial Technology,None
spark computation related to streaming data streaming streaming about computation data big computation specifically hadoop streaming processing streaming,doc_96,Data Science,None
analysis data regarding grid data models smart for optimization,doc_97,Sustainable Energy,None
prediction algorithms for data classification algorithms learning about algorithms,doc_98,AI Technology,Data Science
data insights also insights regression visualization correlation in terms of data,doc_99,Data Science,None
data data analysis in terms of support patient data decision algorithms and outcomes systems outcomes,doc_100,Healthcare Analytics,Data Science
analysis consumption including analysis optimization analysis optimization for optimization analysis,doc_101,Sustainable Energy,None
smart distributed with contracts transactions cryptocurrency blockchain with ledger contracts transactions distributed specifically,doc_102,Financial Technology,None
forecasting forecasting about models forecasting analysis analysis and grid grid models smart specifically grid models,doc_103,Sustainable Energy,None
neural data including data data learning data related to neural data artificial deep including data,doc_104,AI Technology,None
blockchain cryptocurrency about cryptocurrency smart transactions distributed related to,doc_105,Financial Technology,None
learning classification about machine modeling learning accuracy regarding learning algorithms accuracy modeling,doc_106,Data Science,None
care analytics in terms of readmission hospital care healthcare and hospital analytics,doc_107,Healthcare Analytics,None
data algorithms including intelligence neural artificial data with training,doc_108,AI Technology,None
models prediction also prediction prediction models vision specifically models models models machine for learning classification prediction learning,doc_109,AI Technology,None
analysis visualization including data machine learning classification visualization specifically visualization analysis visualization correlation including data insights,doc_110,Data Science,AI Technology
machine algorithms about algorithms learning accuracy machine including learning,doc_111,Data Science,None
smart distributed related to blockchain distributed ledger,doc_112,Financial Technology,None
treatment metrics in terms of effectiveness analysis outcomes patient in terms of analysis data metrics patient related to effectiveness medical,doc_113,Healthcare Analytics,None
deep artificial for deep training learning machine learning concerning data models intelligence,doc_114,AI Technology,Data Science
algorithms prediction also deep learning algorithms support algorithms concerning data prediction,doc_115,Healthcare Analytics,AI Technology
learning learning for algorithms accuracy modeling classification related to machine modeling predictive classification,doc_116,Data Science,None
grid consumption about forecasting forecasting analysis data also smart smart analysis forecasting with optimization optimization models,doc_117,Sustainable Energy,None
data streaming for big pipelines hadoop hadoop,doc_118,Data Science,None
learning prediction with models machine regression models concerning vision,doc_119,AI Technology,None
science data also science pandas science python for projects pandas visualization numpy,doc_120,Data Science,None
analysis medical and pathology pathology deep,doc_121,Healthcare Analytics,None
trading market concerning prediction risk prediction analysis about analysis financial,doc_122,Financial Technology,None
rewards reinforcement for policy environments reinforcement reinforcement regarding reinforcement environments environments prediction also models agents reinforcement optimization,doc_123,AI Technology,Sustainable Energy
smart optimization including data consumption forecasting consumption related to smart analysis forecasting analysis for optimization consumption,doc_124,Sustainable Energy,AI Technology
rewards learning concerning rewards rewards optimization rewards concerning optimization agents agents diagnosis with medical imaging optimization policy reinforcement including,doc_125,AI Technology,Healthcare Analytics
accuracy classification related to accuracy accuracy prediction machine related to algorithms classification,doc_126,Data Science,AI Technology
market prediction with models models algorithms market for algorithmic algorithms trading prediction including models market financial,doc_127,Financial Technology,Data Science
data pipelines including big processing computation processing with processing processing data,doc_128,Data Science,None
transformers language in terms of processing tokens text generation also processing language,doc_129,AI Technology,None
decision support regarding data evidence patient evidence and patient systems decision systems about,doc_130,Healthcare Analytics,None
analysis climate concerning impact analysis climate climate about impact reduction monitoring impact related to emissions data data,doc_131,Sustainable Energy,None
agents optimization about policy reinforcement rewards reinforcement regarding learning optimization learning policy for,doc_132,AI Technology,None
algorithms learning including training neural neural intelligence and deep learning artificial networks related to,doc_133,AI Technology,None
clinical systems also algorithms clinical patient systems,doc_134,Healthcare Analytics,None
analysis emissions about analysis analysis reduction monitoring in terms of analysis monitoring reduction climate specifically reduction,doc_135,Sustainable Energy,None
optimization emissions regarding emissions climate data reduction about impact climate climate prediction related to,doc_136,Sustainable Energy,AI Technology
analysis risk and algorithmic models models risk in terms of analysis market,doc_137,Financial Technology,None
smart analysis related to optimization forecasting smart forecasting related to analysis,doc_138,Sustainable Energy,None
algorithmic prediction and models financial risk trading in terms of market trading algorithmic financial with models trading prediction,doc_139,Financial Technology,None
detection pathology regarding deep detection detection deep including,doc_140,Healthcare Analytics,None
optimization learning including rewards environments agents optimization regarding policy optimization learning environments for reinforcement,doc_141,AI Technology,None
evidence decision and prediction data patient data evidence concerning outcomes support evidence algorithms about algorithms patient data data,doc_142,Healthcare Analytics,Data Science
banking blockchain about banking banking blockchain fintech related to,doc_143,Financial Technology,None
outcomes data concerning patient analysis analysis analysis about analysis patient data patient also outcomes outcomes,doc_144,Healthcare Analytics,None
forecasting grid in terms of consumption smart data,doc_145,Sustainable Energy,None
regression vision including prediction prediction classification vision,doc_146,AI Technology,None
hadoop pipelines regarding big pipelines pipelines,doc_147,Data Science,None
patient metrics specifically treatment patient data patient prediction regarding metrics patient effectiveness analysis concerning treatment,doc_148,Healthcare Analytics,Data Science
learning agents specifically rewards optimization prediction reinforcement regarding learning policy policy policy also optimization learning agents prediction,doc_149,AI Technology,Sustainable Energy
regression models specifically regression classification regression prediction for prediction vision,doc_150,AI Technology,None
matplotlib numpy concerning visualization science python visualization and pandas python visualization science including pandas numpy matplotlib science,doc_151,Data Science,None
regression correlation including regression visualization insights statistics including,doc_152,Data Science,None
intelligence networks and intelligence training networks artificial about networks training algorithms training for networks data intelligence,doc_153,AI Technology,None
patient data accuracy with algorithms machine outcomes accuracy including modeling classification classification data analysis in terms of,doc_154,Data Science,Healthcare Analytics
analysis diagnosis related to prediction pathology detection outcomes in terms of data analysis detection learning diagnosis including diagnosis deep imaging imaging concerning imaging deep,doc_155,Healthcare Analytics,Data Science
intelligence data with neural intelligence learning data for intelligence,doc_156,AI Technology,None
learning learning related to imaging deep detection imaging about pathology analysis pathology imaging for analysis medical,doc_157,Healthcare Analytics,None
payments technology specifically payments innovation technology technology regarding banking digital digital,doc_158,Financial Technology,Data Science
algorithms learning also models machine models models in terms of,doc_159,Financial Technology,Data Science
machine computer in terms of algorithms classification algorithms models with regression vision regression classification specifically algorithms algorithms,doc_160,AI Technology,Data Science
machine financial regarding financial analysis data analysis algorithms specifically algorithms patterns machine analysis and data analysis data analysis financial machine in terms of,doc_161,Financial Technology,Data Science
prediction vision for computer models,doc_162,AI Technology,None
digital technology specifically fintech innovation,doc_163,Financial Technology,None
training algorithms related to data neural deep deep also learning,doc_164,AI Technology,None
market risk specifically trading market financial algorithmic for prediction analysis models,doc_165,Financial Technology,None
energy technology concerning storage energy capacity batteries with capacity prediction batteries capacity,doc_166,Sustainable Energy,AI Technology
learning artificial in terms of algorithms networks networks deep concerning algorithms algorithms,doc_167,AI Technology,None
data smart with data grid models grid in terms of forecasting optimization,doc_168,Sustainable Energy,None
visualization regression including statistics data analysis insights in terms of analysis regression regression visualization about visualization,doc_169,Data Science,AI Technology
distributed transactions also ledger cryptocurrency distributed cryptocurrency regarding data analysis data analysis cryptocurrency distributed with ledger prediction data analysis ledger,doc_170,Financial Technology,Data Science
correlation visualization in terms of data analysis data statistics data analysis about visualization correlation data analysis insights and,doc_171,Data Science,Healthcare Analytics
cryptocurrency data analysis for blockchain prediction smart contracts specifically transactions distributed data analysis ledger specifically blockchain,doc_172,Financial Technology,Data Science
monitoring impact specifically data carbon climate emissions for data data emissions reduction and impact,doc_173,Sustainable Energy,None
analysis fraud related to data patterns financial detection,doc_174,Financial Technology,None
wind energy including wind renewable power,doc_175,Sustainable Energy,None
streaming processing regarding hadoop computation hadoop prediction and,doc_176,Data Science,Healthcare Analytics
classification vision for classification machine machine computer specifically medical imaging classification vision diagnosis and prediction vision medical imaging,doc_177,AI Technology,Healthcare Analytics
vision regression including prediction regression prediction classification regarding machine computer prediction prediction regarding vision models classification,doc_178,AI Technology,None
neural training also intelligence algorithms artificial training concerning intelligence artificial data intelligence including,doc_179,AI Technology,None
data algorithms in terms of algorithms machine machine machine also learning financial patterns prediction for patterns learning data analysis detection,doc_180,Financial Technology,Data Science
metrics patient in terms of effectiveness metrics patient metrics in terms of data metrics metrics effectiveness also data,doc_181,Healthcare Analytics,None
computer learning and vision machine regression classification about prediction models vision models regarding classification prediction prediction,doc_182,AI Technology,Sustainable Energy
data regression with statistics statistics statistics statistics,doc_183,Data Science,None
analysis emissions in terms of models reduction data data concerning emissions reduction,doc_184,Sustainable Energy,AI Technology
clinical patient concerning data algorithms clinical,doc_185,Healthcare Analytics,None
patterns detection also fraud financial machine analysis specifically machine analysis fraud machine related to,doc_186,Financial Technology,None
data analysis innovation concerning prediction fintech models banking specifically digital,doc_187,Financial Technology,Data Science
data analysis in terms of analysis statistics data,doc_188,Data Science,None
intelligence learning with data intelligence learning networks and data data algorithms,doc_189,AI Technology,None
wind energy for hydroelectric power hydroelectric generation with energy wind solar hydroelectric in terms of energy efficiency,doc_190,Sustainable Energy,None
forecasting analysis regarding smart models optimization consumption in terms of forecasting smart data optimization including forecasting models,doc_191,Sustainable Energy,AI Technology
pathology prediction concerning learning analysis analysis deep including deep pathology data analysis imaging including,doc_192,Healthcare Analytics,Data Science
emissions analysis about analysis analysis data emissions concerning carbon emissions impact emissions for impact climate impact,doc_193,Sustainable Energy,None
accuracy modeling about predictive accuracy accuracy modeling with classification,doc_194,Data Science,None
innovation banking and fintech digital technology payments about innovation fintech technology banking concerning digital,doc_195,Financial Technology,None
outcomes medical with treatment analysis effectiveness medical regarding treatment outcomes medical medical specifically,doc_196,Healthcare Analytics,None
networks learning concerning deep algorithms training neural for deep learning intelligence training in terms of deep learning,doc_197,AI Technology,Healthcare Analytics
gpt tokens related to gpt bert bert processing regarding,doc_198,AI Technology,None
models prediction about regression machine,doc_199,AI Technology,None
prediction prevention for healthcare care care healthcare,doc_200,Healthcare Analytics,None
analysis learning related to medical detection learning imaging and detection learning pathology imaging with medical learning,doc_201,Healthcare Analytics,None
data artificial regarding deep artificial training artificial also deep deep deep artificial related to deep networks networks artificial,doc_202,AI Technology,None
decision patient including clinical systems decision algorithms with algorithms systems systems data related to,doc_203,Healthcare Analytics,None
generation hydroelectric regarding power hydroelectric wind wind concerning efficiency power efficiency hydroelectric specifically hydroelectric hydroelectric power,doc_204,Sustainable Energy,None
prediction regression for prediction vision machine models and machine,doc_205,AI Technology,None
power power related to solar solar renewable hydroelectric in terms of renewable power hydroelectric solar with renewable efficiency wind renewable,doc_206,Sustainable Energy,None
machine modeling including predictive classification machine machine specifically,doc_207,Data Science,None
deep learning systems concerning medical imaging medical imaging support support including diagnosis medical imaging diagnosis algorithms and decision support medical imaging deep learning for clinical decision,doc_208,Healthcare Analytics,AI Technology
solar efficiency including wind wind efficiency wind about generation,doc_209,Sustainable Energy,None
analysis medical specifically outcomes metrics,doc_210,Healthcare Analytics,None
generation solar also generation power wind generation in terms of energy solar power wind concerning renewable efficiency hydroelectric,doc_211,Sustainable Energy,None
analysis optimization specifically forecasting consumption data forecasting about forecasting models analysis models,doc_212,Sustainable Energy,None
patient treatment about data outcomes outcomes outcomes related to outcomes metrics outcomes data with data analysis effectiveness patient data effectiveness about outcomes,doc_213,Healthcare Analytics,Data Science
outcomes data related to big computation data analysis data analysis with pipelines big data analysis patient data in terms of pipelines data pipelines computation related to data analysis data analysis,doc_214,Data Science,Healthcare Analytics
analysis models including analysis financial machine data analysis with prediction,doc_215,Financial Technology,Data Science
prediction analytics about prevention readmission prevention care for care,doc_216,Healthcare Analytics,None
prediction trading concerning financial analysis,doc_217,Financial Technology,None
spark pipelines also pipelines spark processing streaming regarding pipelines pipelines processing pipelines and computation processing processing computation,doc_218,Data Science,None
analysis medical regarding outcomes metrics patient data also outcomes data outcomes data related to,doc_219,Healthcare Analytics,None
predictive machine concerning learning algorithms classification accuracy for classification machine accuracy learning specifically,doc_220,Data Science,None
correlation correlation specifically insights data,doc_221,Data Science,None
correlation data specifically visualization data statistics correlation regarding statistics statistics analysis insights with analysis visualization analysis,doc_222,Data Science,None
algorithms systems and evidence patient systems algorithms,doc_223,Healthcare Analytics,None
technology energy with storage innovation technology storage about batteries storage energy technology,doc_224,Sustainable Energy,None
models classification including models classification learning,doc_225,AI Technology,None
data data analysis with data analysis machine financial algorithms concerning detection fraud models fraud in terms of fraud detection,doc_226,Financial Technology,Data Science
python projects with projects data matplotlib projects for pandas projects matplotlib numpy specifically,doc_227,Data Science,None
insights regression concerning visualization analysis insights data also data data prediction correlation for outcomes visualization insights data also,doc_228,Data Science,Healthcare Analytics
statistics data for data correlation,doc_229,Data Science,None
forecasting innovation with storage forecasting storage capacity for storage models energy energy including forecasting models storage optimization concerning forecasting,doc_230,Sustainable Energy,AI Technology
data regression for data analysis correlation data about,doc_231,Data Science,None
models learning and environments optimization agents agents related to policy agents prediction prediction concerning prediction prediction agents learning for,doc_232,AI Technology,Sustainable Energy
models regression specifically regression computer prediction computer also computer machine models machine in terms of,doc_233,AI Technology,None
efficiency power related to renewable power generation wind specifically,doc_234,Sustainable Energy,None
fintech digital about banking fintech payments digital including payments,doc_235,Financial Technology,Data Science
analysis models in terms of algorithmic trading models models specifically prediction algorithmic models trading about trading,doc_236,Financial Technology,None
learning medical imaging and deep learning computer machine learning regarding computer prediction,doc_237,AI Technology,Healthcare Analytics
analysis risk concerning algorithmic prediction market models and financial algorithmic risk prediction and prediction algorithmic financial,doc_238,Financial Technology,None
medical learning about imaging learning deep learning specifically learning,doc_239,Healthcare Analytics,None
learning rewards for reinforcement optimization reinforcement policy for environments policy reinforcement policy and,doc_240,AI Technology,None
effectiveness data about treatment patient metrics patient with analysis medical metrics metrics with metrics data medical effectiveness,doc_241,Healthcare Analytics,None
healthcare care including healthcare healthcare prediction prediction also prediction readmission care prevention and,doc_242,Healthcare Analytics,None
energy technology for technology innovation,doc_243,Sustainable Energy,None
ledger blockchain also smart contracts distributed transactions also ledger ledger contracts smart also smart,doc_244,Financial Technology,None
agents rewards also agents learning reinforcement reinforcement concerning reinforcement optimization reinforcement optimization specifically,doc_245,AI Technology,None
networks algorithms related to algorithms networks intelligence deep about artificial data training learning related to algorithms intelligence,doc_246,AI Technology,None
machine data about financial machine financial detection including financial patterns learning learning concerning learning detection financial analysis,doc_247,Financial Technology,None
energy storage for storage capacity innovation innovation,doc_248,Sustainable Energy,None
consumption forecasting specifically data smart forecasting models related to consumption forecasting optimization smart specifically grid optimization,doc_249,Sustainable Energy,None
digital digital concerning banking blockchain,doc_250,Financial Technology,None
prediction treatment regarding metrics analysis prediction outcomes regarding medical prediction treatment analysis concerning medical,doc_251,Healthcare Analytics,Data Science
efficiency capacity for storage innovation technology storage for energy energy storage efficiency specifically,doc_252,Sustainable Energy,None
classification computer concerning learning classification machine machine about machine vision prediction,doc_253,AI Technology,None
deep analysis related to detection medical,doc_254,Healthcare Analytics,None
readmission hospital for healthcare analytics,doc_255,Healthcare Analytics,None
artificial algorithms about data intelligence neural algorithms,doc_256,AI Technology,None
patient support in terms of algorithms systems support systems related to evidence systems evidence data related to data clinical,doc_257,Healthcare Analytics,None
algorithmic algorithmic in terms of prediction algorithmic trading market related to models prediction prediction models and market models financial,doc_258,Financial Technology,None
reduction impact including data monitoring reduction climate including emissions emissions reduction monitoring specifically analysis emissions data,doc_259,Sustainable Energy,None
accuracy classification related to machine machine,doc_260,Data Science,None
power energy regarding generation hydroelectric power,doc_261,Sustainable Energy,None
healthcare hospital about prediction hospital prediction prediction about prevention hospital prevention,doc_262,Healthcare Analytics,None
generation efficiency in terms of models optimization generation renewable about efficiency energy,doc_263,Sustainable Energy,AI Technology
fintech banking for prediction innovation payments models specifically,doc_264,Financial Technology,Data Science
care prediction with readmission prevention analytics prediction and care patient data healthcare analytics related to patient data prediction prediction prediction related to,doc_265,Healthcare Analytics,Data Science
models prediction also contracts models distributed ledger regarding cryptocurrency cryptocurrency blockchain cryptocurrency regarding distributed ledger,doc_266,Financial Technology,Data Science
environments optimization concerning optimization learning reinforcement rewards and rewards agents reinforcement policy in terms of prediction models policy optimization,doc_267,AI Technology,Sustainable Energy
efficiency capacity also storage capacity energy energy specifically efficiency technology storage energy,doc_268,Sustainable Energy,None
financial analysis for prediction models risk analysis in terms of data analysis risk prediction market regarding market market,doc_269,Financial Technology,Data Science
accuracy learning including classification predictive,doc_270,Data Science,None
cryptocurrency contracts related to cryptocurrency distributed blockchain distributed and contracts,doc_271,Financial Technology,None
consumption prediction regarding prediction forecasting optimization prediction concerning analysis optimization,doc_272,Sustainable Energy,AI Technology
prediction learning specifically diagnosis analysis diagnosis deep learning related to diagnosis imaging medical imaging related to diagnosis diagnosis diagnosis deep,doc_273,Healthcare Analytics,AI Technology
smart ledger related to contracts contracts contracts smart for blockchain distributed blockchain transactions with cryptocurrency,doc_274,Financial Technology,None
prediction smart also transactions models transactions cryptocurrency also ledger cryptocurrency cryptocurrency models about transactions cryptocurrency transactions cryptocurrency,doc_275,Financial Technology,Data Science
evidence algorithms and algorithms clinical evidence patient for clinical,doc_276,Healthcare Analytics,None
innovation fintech specifically fintech fintech models technology in terms of innovation banking technology algorithms related to data analysis algorithms digital innovation related to,doc_277,Financial Technology,Data Science
optimization generation concerning forecasting renewable generation forecasting regarding,doc_278,Sustainable Energy,AI Technology
effectiveness patient specifically analysis outcomes outcomes outcomes concerning treatment analysis data medical related to outcomes,doc_279,Healthcare Analytics,None
environments optimization with policy rewards learning reinforcement,doc_280,AI Technology,None
readmission healthcare regarding care readmission care healthcare and readmission,doc_281,Healthcare Analytics,None
spark hadoop also big pipelines hadoop streaming,doc_282,Data Science,None
projects data analysis also data analysis data science numpy in terms of data data projects data analysis regarding numpy,doc_283,Data Science,Healthcare Analytics
fintech blockchain related to payments algorithms prediction innovation,doc_284,Financial Technology,Data Science
policy rewards about policy optimization policy environments in terms of rewards learning reinforcement reinforcement and policy rewards,doc_285,AI Technology,None
optimization optimization related to reinforcement agents agents optimization specifically,doc_286,AI Technology,None
pathology imaging including detection detection learning deep also diagnosis medical detection deep and analysis,doc_287,Healthcare Analytics,None
decision data regarding algorithms algorithms patient systems in terms of,doc_288,Healthcare Analytics,None
banking digital with innovation technology,doc_289,Financial Technology,None
learning accuracy in terms of algorithms modeling,doc_290,Data Science,None
models machine learning related to matplotlib python projects classification related to visualization matplotlib,doc_291,Data Science,AI Technology
hospital prevention for healthcare analytics healthcare prediction for analytics hospital prevention care,doc_292,Healthcare Analytics,None
patient outcomes for data data medical analysis for outcomes outcomes effectiveness patient about effectiveness data effectiveness metrics,doc_293,Healthcare Analytics,None
healthcare prediction including hospital prevention readmission prevention and healthcare,doc_294,Healthcare Analytics,None
prediction analysis and prediction outcomes medical analysis in terms of patient patient prediction analysis,doc_295,Healthcare Analytics,Data Science
financial analysis with data analysis financial prediction fraud including analysis learning data analysis patterns about patterns detection detection financial also,doc_296,Financial Technology,Data Science
patient algorithms for patient support data decision in terms of systems patient algorithms decision with,doc_297,Healthcare Analytics,None
cryptocurrency cryptocurrency also blockchain smart,doc_298,Financial Technology,None
systems algorithms specifically algorithms systems support support with systems evidence algorithms data,doc_299,Healthcare Analytics,None
artificial deep about deep learning training deep learning networks related to artificial prediction prediction deep learning for intelligence,doc_300,AI Technology,Healthcare Analytics
