Topic,Count,Name,Enhanced_Label
Topic_13,7,Topic Topic_13,"Financial & Fraud & Detection (financial, datum)"
Topic_10,19,Topic Topic_10,"Financial & Analysis & Prediction (market, financial)"
Topic_8,14,Topic Topic_8,"Healthcare & Prediction & Hospital (analytic, healthcare)"
Noise,67,Topic Noise,"Data Science & Datum & Algorithm (analysis, prediction)"
Topic_14,22,Topic Topic_14,"Data Science & Visualization & Datum (matplotlib, science)"
Topic_0,16,Topic Topic_0,"Language & Generation (token, natural)"
Topic_3,12,Topic Topic_3,"Energy & Efficiency & Hydroelectric (generation, energy)"
Topic_2,12,Topic Topic_2,"Datum & Computation (big, spark)"
Topic_7,11,Topic Topic_7,"Optimization & Policy (reinforcement, reward)"
Topic_6,15,Topic Topic_6,"Energy & Optimization & Grid (consumption, analysis)"
Topic_1,19,Topic Topic_1,"Energy & Technology & Energy (battery, efficiency)"
Topic_11,10,Topic Topic_11,"Energy & Impact & Carbon (datum, emission)"
Topic_4,18,Topic Topic_4,"Transaction & Distribute (smart, blockchain)"
Topic_5,7,Topic Topic_5,"Financial & Fintech & Technology (digital, banking)"
Topic_9,13,Topic Topic_9,"AI & Medical & Detection (imaging, deep)"
Topic_15,16,Topic Topic_15,"AI & Datum & Artificial (neural, intelligence)"
Topic_16,10,Topic Topic_16,"Healthcare & Patient & Effectiveness (treatment, outcome)"
Topic_12,12,Topic Topic_12,"AI & Classification & Prediction (regression, machine)"
